NEW,0xF4,0x00,*Main,,,,,,,,,,,,
#OFFSET,SHORT_NAME,LONG_NAME,UOM,VIEWLEVEL,SIZE,PRECISION,MULT,ADD,MINPATCH,MAXPATCH,SPECIAL,WARN_LOW,WARN_HIGH,RANGE_LOW,RANGE_HIGH
17,RPM,Engine Speed (High Res),rpm,BASIC,16,0,,,0x00,0xFF,RPMMINOR,300,6000,0,8000
29,TPS,Throttle Position,%,BASIC,8,1,0.392156862,0.01,0x00,0xFF,,,99,,
27,MAP,Manifold Absolute Pressure,kpa,BASIC,8,1,0.369004,10.3542,0x00,0xFF,KPA,5,100,,
50,SPKADV,Spark Advance,deg,BASIC,8,0,,,0x00,0xFF,,8,50,0,70
45,MAF,MAF Airflow,g/s,BASIC,16,2,0.0078125,,0x00,0xFF,,8,250,,
37,LBLM,Left Block Learn Trim,,BASIC,8,0,,,0x00,0xFF,TRIM,112,145,86,192
38,RBLM,Right Block Learn Trim,,BASIC,8,0,,,0x00,0xFF,TRIM,112,145,86,192
39,LINT,Left Integrator Counts,,BASIC,8,0,,,0x00,0xFF,TRIM,112,145,86,192
40,RINT,Right Integrator Counts,,BASIC,8,0,,,0x00,0xFF,TRIM,112,145,86,192
37,AVGBLM,Left+Right Block Learn Trim,,BASIC,8,0,,,0x00,0xFF,AVG,112,145,86,192
39,AVGINT,Left+Right Integrator,,BASIC,8,0,,,0x00,0xFF,AVG,112,145,86,192
23,AFR,AFR Target,:1,BASIC,8,2,0.1,,0x01,0xFF,,10,16,0,25.5
32,LO2,Left Oxygen Sensor Volts,mv,BASIC,8,0,4.44,,0x00,0xFF,,,,,
33,RO2,Right Oxygen Sensor Volts,mv,BASIC,8,0,4.44,,0x00,0xFF,,,,,
12,CL,Closed Loop Enable,,BASIC,1,0,,,0x00,0xFF,,,,,
13,PE,Power Enrichment Active,,BASIC,1,0,,,0x00,0xFF,,,,,
12,BLM,Block Learn Mode Enable,,BASIC,1,3,,,0x00,0xFF,,,,,
48,IAC,Idle Air Controller Position,,BASIC,8,0,,,0x00,0xFF,,10,150,0,160
20,IDLETARGET,Idle Target RPM,rpm,BASIC,8,0,12.5,,0x00,0xFF,,300,1500,,
24,IAT,Intake Air Temperature,c,BASIC,8,1,0.75,-40,0x00,0xFF,CELCIUS,-10,60,,
22,COOLTMP,Coolant Temperature,c,BASIC,8,1,0.75,-40,0x00,0xFF,CELCIUS,-10,120,,
51,KR,Knock Retard,deg,BASIC,8,0,0.0625,,0x00,0xFF,,,2,,
52,KCOUNT,Knock Counts,,BASIC,16,0,,,0x00,0xFF,,,,,
57,VSS,Vehicle Speed,mph,BASIC,8,0,,,0x00,0xFF,MPH,,120,,
30,IGNVOLTS,ECM Input Voltage,v,BASIC,8,1,0.1,,0x00,0xFF,,,,1,18
11,FAN1,Fan 1 Enabled,,BASIC,1,0,,,0x00,0xFF,,,,,
11,FAN2,Fan 2 Enabled,,BASIC,1,1,,,0x00,0xFF,,,,,
12,CCP,Charcoal Canister Purge Enable,,BASIC,1,4,,,0x00,0xFF,,,,,
11,AIR,Air Pump Enabled,,BASIC,1,2,,,0x00,0xFF,,,,,
11,AC,Air Conditioning Enabled,,BASIC,1,3,,,0x00,0xFF,,,,,
36,BLMCELL,Block Learn Mode Cell,,BASIC,8,0,,,0x00,0xFF,,,,0,18
41,LBPW,Left Injector Pulsewidth,,BASIC,16,2,0.0152587891,,0x00,0xFF,,1,,0,100
43,RBPW,Right Injector Pulsewidth,,BASIC,16,2,0.0152587891,,0x00,0xFF,,1,,0,100
31,BARO,Barometric Pressure,kpa,BASIC,8,0,0.369004,10.3542,0x00,0xFF,KPA,80,,,
10,GEAR,Transmission Selected Gear,,BASIC,8,0,,,0x00,0xFF,SHIFTPOS,,,1,4
15,PNSWITCH,Shift Position PARK/NEUTRAL,,BASIC,1,6,,,0x00,0xFF,,,,,
15,RNG_LOW,Shift Position L1,,EXTENDED,1,0,,,0x00,0xFF,,,,,
15,RNG_D2,Shift Position D2,,EXTENDED,1,1,,,0x00,0xFF,,,,,
15,RNG_D3,Shift Position D3,,EXTENDED,1,2,,,0x00,0xFF,,,,,
15,RNG_D4,Shift Position D4 (OD),,EXTENDED,1,3,,,0x00,0xFF,,,,,
15,PRNDLFLG_B4,PRNDLFLG Bit 4,,HACKER,1,4,,,0x00,0xFF,,,,,
15,RNG_REV,Shift Range REVERSE,,HACKER,1,5,,,0x00,0xFF,,,,,
17,MREFPERIOD,Minor Loop Reference Period,msec,HACKER,16,1,0.005078,,0x00,0xFF,,,,,
26,WIDEBAND_AC,Wideband O2 @ AC Pressure,:1,EXTENDED,8,2,,,0x00,0xFF,WIDEBAND,10,16,0,25.5
54,WIDEBAND_D27,Wideband O2 @ Pin D27,:1,EXTENDED,8,2,,,0x00,0xFF,WIDEBAND,10,16,0,25.5
19,RPMVARIATION,RPM Variation,%,EXTENDED,8,1,0.09765625,,0x00,0xFF,,,,,
27,MAPVOLTS,MAP Sensor Voltage,v,EXTENDED,8,1,0.0196078431,,0x00,0xFF,,0,5,,
8,ACCLUTCH,AC Clutch Status,,EXTENDED,1,0,,,0x00,0xFF,,,,,
8,ACREQUEST,AC Request Status,,EXTENDED,1,1,,,0x00,0xFF,,,,,
8,HEATEDWREQ,Heated Windshield Request,,EXTENDED,1,2,,,0x00,0xFF,,,,,
8,PSTEERREQ,Power Steering Request,,EXTENDED,1,3,,,0x00,0xFF,,,,,
8,OILCHANGERST,Oil Change Reset Switch,,EXTENDED,1,4,,,0x00,0xFF,,,,,
8,OILLEVELSW,Oil Level Switch,,EXTENDED,1,5,,,0x00,0xFF,,,,,
8,PN_INPUT,Park/Neutral from SDINMW1,,EXTENDED,1,6,,,0x00,0xFF,,,,,
8,CRUISE,Cruise Control Active,,EXTENDED,1,7,,,0x00,0xFF,,,,,
9,TCCBRAKE,TCC Brake Switch,,EXTENDED,1,0,,,0x00,0xFF,,,,,
9,SDINMW2_B1,Input Mode Word 2 Bit1,,HACKER,1,1,,,0x00,0xFF,,,,,
9,TRANSPERFSW,Trans Perform Switch Pressed,,EXTENDED,1,2,,,0x00,0xFF,,,,,
9,TRANSMODEA,Transmission Mode A,,EXTENDED,1,3,,,0x00,0xFF,,,,,
9,TRANSMODEB,Transmission Mode B,,EXTENDED,1,4,,,0x00,0xFF,,,,,
9,TRANSMODEC,Transmission Mode C,,EXTENDED,1,5,,,0x00,0xFF,,,,,
9,SPKRETREQ,Spark Retard Request,,EXTENDED,1,6,,,0x00,0xFF,,,,,
9,ASRACTIVE,ASR Active,,EXTENDED,1,7,,,0x00,0xFF,,,,,
10,TCCCONTROL,TCC Control Enable,,EXTENDED,1,0,,,0x00,0xFF,,,,,
10,TCCENABLE,TCC Enable,,BASIC,1,1,,,0x00,0xFF,,,,,
10,SHIFTSOL_A,Shift Solenoid State A,,HACKER,1,2,,,0x00,0xFF,,,,,
10,SHIFTSOL_B,Shift Solenoid State B,,HACKER,1,3,,,0x00,0xFF,,,,,
10,SDOUTMW1_B4,Output Mode Word 1 Bit 4,,HACKER,1,4,,,0x00,0xFF,,,,,
10,SDOUTMW1_B5,Output Mode Word 1 Bit 5,,HACKER,1,5,,,0x00,0xFF,,,,,
10,SDOUTMW1_B6,Output Mode Word 1 Bit 6,,HACKER,1,6,,,0x00,0xFF,,,,,
10,SDOUTMW1_B7,Output Mode Word 1 Bit 7,,HACKER,1,7,,,0x00,0xFF,,,,,
11,SDOUTMW2_B4,Output Mode Word 2 Bit 4,,HACKER,1,4,,,0x00,0xFF,,,,,
11,SDOUTMW2_B5,Output Mode Word 2 Bit 5,,HACKER,1,5,,,0x00,0xFF,,,,,
11,SDOUTMW2_B6,Output Mode Word 2 Bit 6,,HACKER,1,6,,,0x00,0xFF,,,,,
11,SDOUTMW2_B7,Output Mode Word 2 Bit 7,,HACKER,1,7,,,0x00,0xFF,,,,,
12,LO2RDY,Left O2 Ready,,EXTENDED,1,1,,,0x00,0xFF,,,,,
12,RO2RDY,Right O2 Ready,,EXTENDED,1,2,,,0x00,0xFF,,,,,
12,CATOVERTEMP,CAT Converter Over Temp,,EXTENDED,1,5,,,0x00,0xFF,,,,,
12,ENGINEDTC,Engine DTC Error Occurred,,EXTENDED,1,6,,,0x00,0xFF,,,,,
12,TRANSDTC,Transmission DTC Error Occurred,,EXTENDED,1,7,,,0x00,0xFF,,,,,
13,KICKDOWNPAT,Kickdown Pattern,,EXTENDED,1,1,,,0x00,0xFF,,,,,
13,MALF43A,MALF 43A ACTIVE,,ERROR,1,2,,,0x00,0xFF,,,,,
13,MALF43C,MALF 43C ACTIVE,,ERROR,1,3,,,0x00,0xFF,,,,,
13,MALF43D,MALF 43D ACTIVE,,ERROR,1,4,,,0x00,0xFF,,,,,
13,INJFAULT,Injector Fault Detected,,EXTENDED,1,5,,,0x00,0xFF,,,,,
13,FEDSENABLE,Corvette Fuel Enable,,EXTENDED,1,6,,,0x00,0xFF,,,,,
13,RESETOCC,Reset Occurred,,HACKER,1,7,,,0x00,0xFF,,,,,
14,B15RAW,15TH BIT UNUSED RAW,,HIDDEN,8,0,,,0x00,0xFF,,,,,
15,PRNDLFLG_B7,PRNDLFLG Bit 7,,HACKER,1,7,,,0x00,0xFF,,,,,
15,PRNDLFLG,Raw Shift Position Byte,,HACKER,8,0,,,0x00,0xFF,,,,,
16,CYLID,Cylinder ID RAW,,HACKER,8,0,,,0x00,0xFF,,,,,
21,RPM25,Low Res RPM,rpm,EXTENDED,8,0,25,,0x00,0xFF,,300,6000,0,8000
23,OILTEMP,Corvette Oil Temperature,c,EXTENDED,8,1,0.8,-40,0x00,0x00,CELCIUS,-10,120,,
25,EVAPTEMP,AC Evaporator Temperature,c,EXTENDED,8,1,0.5,,0x00,0xFF,CELCIUS,,,,
26,ACPRESSVOLT,AC Pressure Sensor Voltage,v,EXTENDED,8,2,0.0196078431,,0x00,0xFF,,,,,
26,ACPRESS,AC Pressure,psi,EXTENDED,8,1,1.8333,-14.95,0x00,0xFF,,,,,
28,TPSVOLTS,TPS Voltage,v,EXTENDED,8,2,0.0196078431,,0x00,0xFF,,,,,
34,B34RAW,Unused Byte 32,,HACKER,8,0,,,0x00,0xFF,RESEARCH,,,,
35,DIAGO2B,Post-Cat O2 Voltage (Corvette),mv,EXTENDED,8,0,4.44,,0x00,0xFF,,,,,
47,CCPDC,Charcoal Canister Purge Cycle,%,EXTENDED,8,1,0.3921568627,,0x00,0xFF,,,50,,
49,IACKEEPALIVE,IAC Keep-alive Position,,EXTENDED,8,0,,,0x00,0xFF,,,,,
54,ADEGRPOS,EGR Position Feedback,counts,EXTENDED,8,0,,,0x00,0xFF,,,,,
55,EGRDC,EGR Duty Cycle,%,BASIC,8,1,0.39215862,,0x00,0xFF,,,,,
56,MALFFW12,LOGGED MALF FLAG WORD 12,,HIDDEN,8,0,,,0x00,0xFF,,,,,
58,RUNTIME,Engine Run Time,sec,EXTENDED,16,0,,,0x00,0xFF,,,,,
0,MALFFW10,LOGGED MALF FLAG WORD 10,,HIDDEN,8,0,,,0x00,0xFF,,,,,
1,MALFFW2,LOGGED MALF FLAG WORD 2,,HIDDEN,8,0,,,0x00,0xFF,,,,,
2,MALFFW3,LOGGED MALF FLAG WORD 3,,HIDDEN,8,0,,,0x00,0xFF,,,,,
3,MALFFW4,LOGGED MALF FLAG WORD 4,,HIDDEN,8,0,,,0x00,0xFF,,,,,
4,MALFFW5,LOGGED MALF FLAG WORD 5,,HIDDEN,8,0,,,0x00,0xFF,,,,,
5,MALFFW6,LOGGED MALF FLAG WORD 6,,HIDDEN,8,0,,,0x00,0xFF,,,,,
6,MALFFW7,LOGGED MALF FLAG WORD 7,,HIDDEN,8,0,,,0x00,0xFF,,,,,
7,MALFFW8,LOGGED MALF FLAG WORD 8,,HIDDEN,8,0,,,0x00,0xFF,,,,,
0,ERR86,LOW RATIO,,ERROR,1,0,,,0x00,0xFF,,,,,
0,ERR85,TCC STUCK ON,,ERROR,1,1,,,0x00,0xFF,,,,,
0,ERR84,1-4 CONTROL CIRCUIT,,ERROR,1,2,,,0x00,0xFF,,,,,
0,ERR83,REVERSE INHIBIT CIRCUIT,,ERROR,1,3,,,0x00,0xFF,,,,,
0,ERR82,SHIFT A SOLENOID FAULT,,ERROR,1,4,,,0x00,0xFF,,,,,
0,ERR81,SHIFT B SOLENOID FAULT,,ERROR,1,5,,,0x00,0xFF,,,,,
0,ERR80,TRANSMISSION COMPONENT SLIPPING,,ERROR,1,6,,,0x00,0xFF,,,,,
0,ERR79,TRANSMISSION OVER TEMPERATURE,,ERROR,1,7,,,0x00,0xFF,,,,,
1,ERR27,EGR ELECTRICAL FAULT ,,ERROR,1,0,,,0x00,0xFF,,,,,
1,ERR26,CCP ELECTRICAL FAULT ,,ERROR,1,1,,,0x00,0xFF,,,,,
1,ERR25,MAT SENSOR HIGH,,ERROR,1,2,,,0x00,0xFF,,,,,
1,ERR23,MAT SENSOR LOW,,ERROR,1,3,,,0x00,0xFF,,,,,
1,ERR16,LO-RES FAILURE,,ERROR,1,4,,,0x00,0xFF,,,,,
1,ERR13,LEFT O2 SENSOR FAILED,,ERROR,1,5,,,0x00,0xFF,,,,,
1,ERR12,NO REFERENCE PULSES,,ERROR,1,6,,,0x00,0xFF,,,,,
1,ERR11,MALF INDICATOR LAMP (MIL) FAULT,,ERROR,1,7,,,0x00,0xFF,,,,,
2,ERR43,ESC FAILURE,,ERROR,1,0,,,0x00,0xFF,,,,,
2,ERR42,EST GROUNDED,,ERROR,1,1,,,0x00,0xFF,,,,,
2,ERR41,EST OPEN,,ERROR,1,2,,,0x00,0xFF,,,,,
2,ERR36,HI-RES FAILURE,,ERROR,1,3,,,0x00,0xFF,,,,,
2,ERR48,MASS AIR FLOW SYSTEM FAILURE,,ERROR,1,4,,,0x00,0xFF,,,,,
2,ERR47,NOT USED,,HIDDEN,1,5,,,0x00,0xFF,,,,,
2,ERR32,EGR SYSTEM FAULT,,ERROR,1,6,,,0x00,0xFF,,,,,
2,ERR29,EAS ELECTRICAL FAULT ,,ERROR,1,7,,,0x00,0xFF,,,,,
3,ERR61,A/C LOW CHARGE,,ERROR,1,0,,,0x00,0xFF,,,,,
3,ERR55,FUEL SYSTEM LEAN,,ERROR,1,1,,,0x00,0xFF,,,,,
3,ERR54,NOT USED,,HIDDEN,1,2,,,0x00,0xFF,,,,,
3,ERR52,OIL TEMPERATURE LOW,,ERROR,1,3,,,0x00,0xFF,,,,,
3,ERR50,SYSTEM VOLTAGE LOW,,ERROR,1,4,,,0x00,0xFF,,,,,
3,ERR46,FUEL ENABLE FAILURE,,ERROR,1,5,,,0x00,0xFF,,,,,
3,ERR45,LEFT O2 SENSOR RICH,,ERROR,1,6,,,0x00,0xFF,,,,,
3,ERR44,LEFT O2 SENSOR LEAN,,ERROR,1,7,,,0x00,0xFF,,,,,
4,ERR69,A/C CLUTCH CIRCUIT OPEN,,ERROR,1,0,,,0x00,0xFF,,,,,
4,ERR68,A/C RELAY SHORTED,,ERROR,1,1,,,0x00,0xFF,,,,,
4,ERR67,A/C PRESSURE TRANSDUCER DEGRADED,,ERROR,1,2,,,0x00,0xFF,,,,,
4,ERR66,A/C PRESSURE TRANSDUCER OPEN/SHORT,,ERROR,1,3,,,0x00,0xFF,,,,,
4,ERR65,RIGHT O2 SENSOR RICH,,ERROR,1,4,,,0x00,0xFF,,,,,
4,ERR64,RIGHT O2 SENSOR LEAN,,ERROR,1,5,,,0x00,0xFF,,,,,
4,ERR63,RIGHT O2 SENSOR FAILED,,ERROR,1,6,,,0x00,0xFF,,,,,
4,ERR62,OIL TEMPERATURE HIGH,,ERROR,1,7,,,0x00,0xFF,,,,,
5,ERR78,FAN 2 FAULT ,,ERROR,1,0,,,0x00,0xFF,,,,,
5,ERR77,FAN 1 FAULT ,,ERROR,1,1,,,0x00,0xFF,,,,,
5,ERR71,A/C EVAPORATOR TEMP SENSOR FAILED,,ERROR,1,2,,,0x00,0xFF,,,,,
5,ERR70,A/C CLUTCH RELAY FAULT ,,ERROR,1,3,,,0x00,0xFF,,,,,
5,ERR31,NOT USED,,HIDDEN,1,4,,,0x00,0xFF,,,,,
5,ERR19,NOT USED,,HIDDEN,1,5,,,0x00,0xFF,,,,,
5,ERR18,NOT USED,,HIDDEN,1,6,,,0x00,0xFF,,,,,
5,ERR17,NOT USED,,HIDDEN,1,7,,,0x00,0xFF,,,,,
6,ERR57,NOT USED,,HIDDEN,1,0,,,0x00,0xFF,,,,,
6,ERR56,NOT USED,,HIDDEN,1,1,,,0x00,0xFF,,,,,
6,ERR49,NOT USED,,HIDDEN,1,2,,,0x00,0xFF,,,,,
6,ERR34,MAP SENSOR LOW,,ERROR,1,3,,,0x00,0xFF,,,,,
6,ERR33,MAP SENSOR HIGH,,ERROR,1,4,,,0x00,0xFF,,,,,
6,ERR39,NOT USED,,HIDDEN,1,5,,,0x00,0xFF,,,,,
6,ERR35,NOT USED,,HIDDEN,1,6,,,0x00,0xFF,,,,,
6,ERR24,OUTPUT SPEED LOW,,ERROR,1,7,,,0x00,0xFF,,,,,
7,ERR53,SYSTEM VOLTAGE HIGH,,ERROR,1,0,,,0x00,0xFF,,,,,
7,ERR51,PROM/FLASH ERROR,,ERROR,1,1,,,0x00,0xFF,,,,,
7,ERR38,BRAKE SWITCH STUCK OFF,,ERROR,1,2,,,0x00,0xFF,,,,,
7,ERR37,BRAKE SWITCH STUCK ON,,ERROR,1,3,,,0x00,0xFF,,,,,
7,ERR22,THROTTLE POSITION LOW,,ERROR,1,4,,,0x00,0xFF,,,,,
7,ERR21,THROTTLE POSITION HIGH,,ERROR,1,5,,,0x00,0xFF,,,,,
7,ERR15,COOLANT TEMPERATURE LOW,,ERROR,1,6,,,0x00,0xFF,,,,,
7,ERR14,COOLANT TEMPERATURE HIGH,,ERROR,1,7,,,0x00,0xFF,,,,,
56,ERR99,TACH OUTPUT CIRCUIT FAULT,,ERROR,1,0,,,0x00,0xFF,,,,,
56,ERR98,TORQUE DELIVERED CIRCUIT FAULT,,ERROR,1,1,,,0x00,0xFF,,,,,
56,ERR97,4K PULSES CIRCUIT FAULT (VSS),,ERROR,1,2,,,0x00,0xFF,,,,,
56,ERR96,OIL LEVEL LAMP CIRCUIT FAULT,,ERROR,1,3,,,0x00,0xFF,,,,,
56,ERR95,OIL LIFE LAMP CIRCUIT FAULT,,ERROR,1,4,,,0x00,0xFF,,,,,
56,ERR60,UNKNOWN,,HIDDEN,1,5,,,0x00,0xFF,,,,,
56,ERR40,UNKNOWN,,HIDDEN,1,6,,,0x00,0xFF,,,,,
56,ERR30,UNKNOWN,,HIDDEN,1,7,,,0x00,0xFF,,,,,
NEW,0xF4,0x01,*Trans,,,,,,,,,,,,
#OFFSET,SHORT_NAME,LONG_NAME,UOM,VIEWLEVEL,SIZE,PRECISION,MULT,ADD,MINPATCH,MAXPATCH,SPECIAL,WARN_LOW,WARN_HIGH,,
0,ERR57,NOT USED,,HIDDEN,1,0,,,0x00,0xFF,,,,,
0,ERR56,NOT USED,,HIDDEN,1,1,,,0x00,0xFF,,,,,
0,ERR49,NOT USED,,HIDDEN,1,2,,,0x00,0xFF,,,,,
0,ERR34,MAP SENSOR LOW,,ERROR,1,3,,,0x00,0xFF,,,,,
0,ERR33,MAP SENSOR HIGH,,ERROR,1,4,,,0x00,0xFF,,,,,
0,ERR39,NOT USED,,HIDDEN,1,5,,,0x00,0xFF,,,,,
0,ERR35,NOT USED,,HIDDEN,1,6,,,0x00,0xFF,,,,,
0,ERR24,OUTPUT SPEED LOW,,ERROR,1,7,,,0x00,0xFF,,,,,
1,ERR53,SYSTEM VOLTAGE HIGH,,ERROR,1,0,,,0x00,0xFF,,,,,
1,ERR51,PROM/FLASH ERROR,,ERROR,1,1,,,0x00,0xFF,,,,,
1,ERR38,BRAKE SWITCH STUCK OFF,,ERROR,1,2,,,0x00,0xFF,,,,,
1,ERR37,BRAKE SWITCH STUCK ON,,ERROR,1,3,,,0x00,0xFF,,,,,
1,ERR22,THROTTLE POSITION LOW,,ERROR,1,4,,,0x00,0xFF,,,,,
1,ERR21,THROTTLE POSITION HIGH,,ERROR,1,5,,,0x00,0xFF,,,,,
1,ERR15,COOLANT TEMPERATURE LOW,,ERROR,1,6,,,0x00,0xFF,,,,,
1,ERR14,COOLANT TEMPERATURE HIGH,,ERROR,1,7,,,0x00,0xFF,,,,,
2,ERR76,LONG SYSTEM VOLTAGE HIGH,,ERROR,1,0,,,0x00,0xFF,,,,,
2,ERR75,SYSTEM VOLTAGE LOW,,ERROR,1,1,,,0x00,0xFF,,,,,
2,ERR74,ASR ACTIVE FAULT,,ERROR,1,2,,,0x00,0xFF,,,,,
2,ERR73,FORCE MOTOR CURRENT,,ERROR,1,3,,,0x00,0xFF,,,,,
2,ERR72,OUTPUT SPEED LOSS,,ERROR,1,4,,,0x00,0xFF,,,,,
2,ERR59,TRANSMISSION TEMPERATURE LOW,,ERROR,1,5,,,0x00,0xFF,,,,,
2,ERR58,TRANSMISSION TEMPERATURE HIGH,,ERROR,1,6,,,0x00,0xFF,,,,,
2,ERR28,PRESSURE SWITCH MANIFOLD,,ERROR,1,7,,,0x00,0xFF,,,,,
3,ERR86,LOW RATIO,,ERROR,1,0,,,0x00,0xFF,,,,,
3,ERR85,TCC STUCK ON,,ERROR,1,1,,,0x00,0xFF,,,,,
3,ERR84,3-2 DOWNSHIFT FEEDBACK FAULT,,ERROR,1,2,,,0x00,0xFF,,,,,
3,ERR83,TCC CONTROL FEEDBACK FAULT,,ERROR,1,3,,,0x00,0xFF,,,,,
3,ERR82,SHIFT A SOLENOID FAULT,,ERROR,1,4,,,0x00,0xFF,,,,,
3,ERR81,SHIFT B SOLENOID FAULT,,ERROR,1,5,,,0x00,0xFF,,,,,
3,ERR80,TRANSMISSION COMPONENT SLIPPING,,ERROR,1,6,,,0x00,0xFF,,,,,
3,ERR79,TRANSMISSION OVER TEMPERATURE,,ERROR,1,7,,,0x00,0xFF,,,,,
4,ERR94,TRANS MANUAL LIGHT FAULT,,ERROR,1,0,,,0x00,0xFF,,,,,
4,ERR93,SERVICE VEH. SOON LIGHT FAULT,,ERROR,1,1,,,0x00,0xFF,,,,,
4,ERR92,TRANS PERF LIGHT FAULT,,ERROR,1,2,,,0x00,0xFF,,,,,
4,ERR91,NOT USED,,ERROR,1,3,,,0x00,0xFF,,,,,
4,ERR90,TCC ENABLE FAULT,,ERROR,1,4,,,0x00,0xFF,,,,,
4,ERR89,MAX ADAPT AND LONG SHIFT,,ERROR,1,5,,,0x00,0xFF,,,,,
4,ERR88,NOT USED,,ERROR,1,6,,,0x00,0xFF,,,,,
4,ERR87,HIGH RATIO,,ERROR,1,7,,,0x00,0xFF,,,,,
5,TPSVOLTS,TPS Voltage,v,EXTENDED,8,2,0.0196078431,,0x00,0xFF,,,,,
6,TPS,Throttle Position,%,BASIC,8,1,0.392156862,0.01,0x00,0xFF,,,99,,
7,RPM,Engine Speed (High Res),RPM,BASIC,16,0,0.125,,0x00,0xFF,,,,,
9,VSS,Filtered Vehicle Speed,MPH,BASIC,8,0,,,0x00,0xFF,MPH,,,,
10,PRESSURE,CURRENT TORQUE SIGNAL PRESSURE,PSI,BASIC,8,0,,,0x00,0xFF,,,,,
11,CURRENT,REFERENCE CURRENT FORCE MOTOR CIRCUIT,AMPS,EXTENDED,8,3,0.01953125,,0x00,0xFF,,,,,
12,CURRACT,ACTUAL CURRENT SAMPLED FROM A/D,AMPS,EXTENDED,8,3,0.01953125,,0x00,0xFF,,,,,
13,FMDC,FORCE MOTOR DUTY CYCLE,%,BASIC,8,1,0.3921568627,,0x00,0xFF,,,,,
14,RNG_LOW,Shift Range LOW,,EXTENDED,1,0,,,0x00,0xFF,,,,,
14,RNG_D2,Shift Range D2,,HACKER,1,1,,,0x00,0xFF,,,,,
14,RNG_D3,Shift Range D3,,HACKER,1,2,,,0x00,0xFF,,,,,
14,RNG_D4,Shift Range D4,,HACKER,1,3,,,0x00,0xFF,,,,,
14,PRNDLFLG_B4,PRNDLFLG Bit 4,,HACKER,1,4,,,0x00,0xFF,,,,,
14,RNG_REV,Shift Range REVERSE,,HACKER,1,5,,,0x00,0xFF,,,,,
14,RNG_PN,Shift Range PARKNEUTRAL,,HACKER,1,6,,,0x00,0xFF,,,,,
14,PRNDLFLG_B7,PRNDLFLG Bit 7,,HACKER,1,7,,,0x00,0xFF,,,,,
14,PRNDLFLG_RAW,Raw Shift Position Byte,,HACKER,8,0,,,0x00,0xFF,SHIFTPOS,,,,
15,IGNVOLTS,Ignition Voltage,,BASIC,8,1,0.1,,0x00,0xFF,,,,1,18
16,GEAR,Current Commanded Gear,,BASIC,8,0,1,1,0x00,0xFF,,,,,
17,CURADPT,Current Adaptive Modifier,PSI,EXTENDED,8,0,0.125,-16,0x00,0xFF,,,,,
18,CURCELL,Current Adaptive Modifier Index Within Table,,EXTENDED,8,0,,,0x00,0xFF,,,,,
19,ERROR12,1-2 Actual to Desired Shift Time Difference,SEC,EXTENDED,8,2,0.025,,0x00,0xFF,,,,,
20,ERROR23,2-3 Actual to Desired Shift Time Difference,SEC,EXTENDED,8,2,0.025,,0x00,0xFF,,,,,
21,SLIP,Absolute Slippage,RPM,BASIC,16,0,0.0125,,0x00,0xFF,SIGNED,,,,
23,TIME12,Latest 1-2 Shift Time,SEC,BASIC,8,2,0.025,,0x00,0xFF,,,,,
24,TIME23,Latest 2-3 Shift Time,SEC,BASIC,8,2,0.025,,0x00,0xFF,,,,,
25,PROMID,Prom ID,,EXTENDED,16,0,,,0x00,0xFF,,,,,
27,DSSDC,3-2 PWM Solenoid Duty Cycle,%,BASIC,8,1,0.3921568627,,0x00,0xFF,,,,,
28,VSS2,Road Speed,MPH,BASIC,8,0,,,0x00,0xFF,MPH,,,,
29,OUTPUTRPM,Raw Output Speed,RPM,BASIC,16,0,0.125,,0x00,0xFF,,,,,
31,COOLTMP,Filtered Coolant Temperature,C,BASIC,8,1,0.75,-40,0x00,0xFF,CELCIUS,,,,
32,TRANSTMP,Transmission Fluid Temperature,C,BASIC,8,1,0.75,-40,0x00,0xFF,CELCIUS,,,,
33,TCCDC,TCC PWM Duty Cycle,%,BASIC,16,2,0.0015258789,,0x00,0xFF,,,,,
35,ACCLUTCH,AC Clutch Status,,EXTENDED,1,0,,,0x00,0xFF,,,,,
35,ACREQUEST,AC Request Status,,EXTENDED,1,1,,,0x00,0xFF,,,,,
35,HEATEDWREQ,Heated Windshield Request,,EXTENDED,1,2,,,0x00,0xFF,,,,,
35,PSTEERREQ,Power Steering Request,,EXTENDED,1,3,,,0x00,0xFF,,,,,
35,OILCHANGERST,Oil Change Reset Switch,,EXTENDED,1,4,,,0x00,0xFF,,,,,
35,OILLEVELSW,Oil Level Switch,,EXTENDED,1,5,,,0x00,0xFF,,,,,
35,PARKNEUTRAL,P/N Switch,,BASIC,1,6,,,0x00,0xFF,,,,,
35,CRUISE,Cruise Control Active,,EXTENDED,1,7,,,0x00,0xFF,,,,,
36,TCCBRAKE,TCC Brake Switch,,EXTENDED,1,0,,,0x00,0xFF,,,,,
36,SDINMW2_B1,Input Mode Word 2 Bit1,,HACKER,1,1,,,0x00,0xFF,,,,,
36,TRANSPERFSW,Trans Perform Switch Pressed,,EXTENDED,1,2,,,0x00,0xFF,,,,,
36,TRANSMODEA,Transmission Mode A,,EXTENDED,1,3,,,0x00,0xFF,,,,,
36,TRANSMODEB,Transmission Mode B,,EXTENDED,1,4,,,0x00,0xFF,,,,,
36,TRANSMODEC,Transmission Mode C,,EXTENDED,1,5,,,0x00,0xFF,,,,,
36,SPKRETREQ,Spark Retard Request,,EXTENDED,1,6,,,0x00,0xFF,,,,,
36,ASRACTIVE,ASR Active,,EXTENDED,1,7,,,0x00,0xFF,,,,,
37,TCCCONTROL,TCC Control Enable,,EXTENDED,1,0,,,0x00,0xFF,,,,,
37,TCCENABLE,TCC Enable,,BASIC,1,1,,,0x00,0xFF,,,,,
37,SHIFTSOL_A,Shift Solenoid State A,,BASIC,1,2,,,0x00,0xFF,,,,,
37,SHIFTSOL_B,Shift Solenoid State B,,BASIC,1,3,,,0x00,0xFF,,,,,
37,SDOUTMW1_B4,Output Mode Word 1 Bit 4,,HACKER,1,4,,,0x00,0xFF,,,,,
37,SDOUTMW1_B5,Output Mode Word 1 Bit 5,,HACKER,1,5,,,0x00,0xFF,,,,,
37,SDOUTMW1_B6,Output Mode Word 1 Bit 6,,HACKER,1,6,,,0x00,0xFF,,,,,
37,SDOUTMW1_B7,Output Mode Word 1 Bit 7,,HACKER,1,7,,,0x00,0xFF,,,,,
38,CL,Closed Loop Enable,,BASIC,1,0,,,0x00,0xFF,,,,,
38,LO2RDY,Left O2 Ready,,EXTENDED,1,1,,,0x00,0xFF,,,,,
38,RO2RDY,Right O2 Ready,,EXTENDED,1,2,,,0x00,0xFF,,,,,
38,BLM,Block Learn Mode Enable,,BASIC,1,3,,,0x00,0xFF,,,,,
38,CCP,Charcoal Canister Purge Enable,,BASIC,1,4,,,0x00,0xFF,,,,,
38,CATOVERTEMP,CAT Converter Over Temp,,EXTENDED,1,5,,,0x00,0xFF,,,,,
38,ENGINEDTC,Engine DTC Error Occurred,,EXTENDED,1,6,,,0x00,0xFF,,,,,
38,TRANSDTC,Transmission DTC Error Occurred,,EXTENDED,1,7,,,0x00,0xFF,,,,,
39,PE,Power Enrichment Active,,BASIC,1,0,,,0x00,0xFF,,,,,
39,KICKDOWNPAT,Kickdown Pattern,,EXTENDED,1,1,,,0x00,0xFF,,,,,
39,MALF43A,MALF 43A ACTIVE,,ERROR,1,2,,,0x00,0xFF,,,,,
39,MALF43C,MALF 43C ACTIVE,,ERROR,1,3,,,0x00,0xFF,,,,,
39,MALF43D,MALF 43D ACTIVE,,ERROR,1,4,,,0x00,0xFF,,,,,
39,INJFAULT,Injector Fault Detected,,EXTENDED,1,5,,,0x00,0xFF,,,,,
39,FEDSENABLE,Corvette Fuel Enable,,EXTENDED,1,6,,,0x00,0xFF,,,,,
39,RESETOCC,Reset Occurred,,HACKER,1,7,,,0x00,0xFF,,,,,
40,TCCRNGCONT,TCC Off RANGE Contingency,,EXTENDED,1,0,,,0x00,0xFF,,,,,
40,TCCTPSCONT,TCC Off MIN TPS Contingency,,EXTENDED,1,1,,,0x00,0xFF,,,,,
40,TCCBRKONCONT,TCC Off BRAKE ON Contingency,,EXTENDED,1,2,,,0x00,0xFF,,,,,
40,TCCNDTPSCONT,TCC Off NEG DELTA TPS Contingency,,EXTENDED,1,3,,,0x00,0xFF,,,,,
40,TCCSLIPCONT,TCC Off TCC SLIP Contingency,,EXTENDED,1,4,,,0x00,0xFF,,,,,
40,TCCACCONT,TCC Off AC ON Contingency,,EXTENDED,1,5,,,0x00,0xFF,,,,,
40,TCCTCCCONT,TCC Off TCC ENG Contingency,,EXTENDED,1,6,,,0x00,0xFF,,,,,
40,TCCUNUSEDCONT,Unused TCC OFF Contingency 1,,EXTENDED,1,7,,,0x00,0xFF,,,,,
41,ADPTNNORMAL,Shift Adapt Not in Normal Mode,,EXTENDED,1,0,,,0x00,0xFF,,,,,
41,ADPTSTD,Shift Adapt Last was Standard Adapt,,EXTENDED,1,1,,,0x00,0xFF,,,,,
41,ADPTLDELAY,Shift Adapt Long Delay Time,,EXTENDED,1,2,,,0x00,0xFF,,,,,
41,ADPTLSHIFT,Shift Adapt Long Shift Time,,EXTENDED,1,3,,,0x00,0xFF,,,,,
41,ADPTTPS,Shift Adapt TPS Out Of Range,,EXTENDED,1,4,,,0x00,0xFF,,,,,
41,ADPTTPSDELT,Shift Adapt High TPS Delta,,EXTENDED,1,5,,,0x00,0xFF,,,,,
41,ADPTHOT,Shift Adapt In Hot Mode,,EXTENDED,1,6,,,0x00,0xFF,,,,,
41,ADPTHVSS,Shift Adapt High VSS Delta,,EXTENDED,1,7,,,0x00,0xFF,,,,,
42,UNUSED_B42,Unused Byte 42,,HACKER,1,0,,,0x00,0xFF,,,,,
43,SHIFTSTART,Start of Shift,,BASIC,1,0,,,0x00,0xFF,,,,,
43,SHIFTEND,End of Shift,,BASIC,1,1,,,0x00,0xFF,,,,,
43,PTMOTION,Powertrain In Motion,,BASIC,1,2,,,0x00,0xFF,,,,,
43,IGNOFF,Ignition Off,,BASIC,1,3,,,0x00,0xFF,,,,,
43,MISCST_B4,Unused B43_4,,HACKER,1,4,,,0x00,0xFF,,,,,
43,MISCST_B5,Unused B43_5,,HACKER,1,5,,,0x00,0xFF,,,,,
43,MISCST_B6,Unused B43_6,,HACKER,1,6,,,0x00,0xFF,,,,,
43,MISCST_B7,Unused B43_7,,HACKER,1,7,,,0x00,0xFF,,,,,
44,TCCCTRLOPEN,TCC Control Enable OPEN,,EXTENDED,1,0,,,0x00,0xFF,,,,,
44,TCCOPEN,TCC Enable OPEN,,EXTENDED,1,1,,,0x00,0xFF,,,,,
44,SHIFTSOL_AOPEN,Shift Solenoid State A OPEN,,EXTENDED,1,2,,,0x00,0xFF,,,,,
44,SHIFTSOL_BOPEN,Shift Solenoid State B OPEN,,EXTENDED,1,3,,,0x00,0xFF,,,,,
44,32DSSOPEN,3-2 DSS Solenoid OPEN,,EXTENDED,1,4,,,0x00,0xFF,,,,,
45,TCCCTRLCLOSED,TCC Control Enable CLOSED,,EXTENDED,1,0,,,0x00,0xFF,,,,,
45,TCCCLOSED,TCC Enable CLOSED,,EXTENDED,1,1,,,0x00,0xFF,,,,,
45,SHIFTSOL_ACLOSED,Shift Solenoid State A CLOSED,,EXTENDED,1,2,,,0x00,0xFF,,,,,
45,SHIFTSOL_BCLOSED,Shift Solenoid State B CLOSED,,EXTENDED,1,3,,,0x00,0xFF,,,,,
45,32DSSCLOSED,3-2 DSS Solenoid CLOSED,,EXTENDED,1,4,,,0x00,0xFF,,,,,
NEW,0xF4,0x02,*Diag,,,,,,,,,,,,
1,ERR27,EGR ELECTRICAL FAULT,,ERROR,1,0,,,0x00,0xFF,,,,,
1,ERR26,CCP ELECTRICAL FAULT,,ERROR,1,1,,,0x00,0xFF,,,,,
1,ERR25,MAT SENSOR HIGH,,ERROR,1,2,,,0x00,0xFF,,,,,
1,ERR23,MAT SENSOR LOW,,ERROR,1,3,,,0x00,0xFF,,,,,
1,ERR16,LO-RES FAILURE,,ERROR,1,4,,,0x00,0xFF,,,,,
1,ERR13,LEFT O2 SENSOR FAILED,,ERROR,1,5,,,0x00,0xFF,,,,,
1,ERR12,NO REFERENCE PULSES,,ERROR,1,6,,,0x00,0xFF,,,,,
1,ERR11,MALF INDICATOR LAMP (MIL) FAULT,,ERROR,1,7,,,0x00,0xFF,,,,,
2,ERR43,ESC FAILURE,,ERROR,1,0,,,0x00,0xFF,,,,,
2,ERR42,EST GROUNDED,,ERROR,1,1,,,0x00,0xFF,,,,,
2,ERR41,EST OPEN,,ERROR,1,2,,,0x00,0xFF,,,,,
2,ERR36,HI-RES FAILURE,,ERROR,1,3,,,0x00,0xFF,,,,,
2,ERR48,MASS AIR FLOW SYSTEM FAILURE,,ERROR,1,4,,,0x00,0xFF,,,,,
2,ERR47,UNKNOWN,,ERROR,1,5,,,0x00,0xFF,,,,,
2,ERR32,EGR SYSTEM FAULT,,ERROR,1,6,,,0x00,0xFF,,,,,
2,ERR29,EAS ELECTRICAL FAULT,,ERROR,1,7,,,0x00,0xFF,,,,,
3,ERR61,A/C LOW CHARGE,,ERROR,1,0,,,0x00,0xFF,,,,,
3,ERR55,FUEL SYSTEM LEAN,,ERROR,1,1,,,0x00,0xFF,,,,,
3,ERR54,UNKNOWN,,ERROR,1,2,,,0x00,0xFF,,,,,
3,ERR52,OIL TEMPERATURE LOW,,ERROR,1,3,,,0x00,0xFF,,,,,
3,ERR50,SYSTEM VOLTAGE LOW,,ERROR,1,4,,,0x00,0xFF,,,,,
3,ERR46,FUEL ENABLE FAILURE,,ERROR,1,5,,,0x00,0xFF,,,,,
3,ERR45,LEFT O2 SENSOR RICH,,ERROR,1,6,,,0x00,0xFF,,,,,
3,ERR44,LEFT O2 SENSOR LEAN,,ERROR,1,7,,,0x00,0xFF,,,,,
4,ERR69,A/C CLUTCH CIRCUIT OPEN,,ERROR,1,0,,,0x00,0xFF,,,,,
4,ERR68,A/C RELAY SHORTED,,ERROR,1,1,,,0x00,0xFF,,,,,
4,ERR67,A/C PRESSURE TRANSDUCER DEGRADED,,ERROR,1,2,,,0x00,0xFF,,,,,
4,ERR66,A/C PRESSURE TRANSDUCER OPEN/SHORT,,ERROR,1,3,,,0x00,0xFF,,,,,
4,ERR65,RIGHT O2 SENSOR RICH,,ERROR,1,4,,,0x00,0xFF,,,,,
4,ERR64,RIGHT O2 SENSOR LEAN,,ERROR,1,5,,,0x00,0xFF,,,,,
4,ERR63,RIGHT O2 SENSOR FAILED,,ERROR,1,6,,,0x00,0xFF,,,,,
4,ERR62,OIL TEMPERATURE HIGH,,ERROR,1,7,,,0x00,0xFF,,,,,
5,ERR78,FAN 2 FAULT,,ERROR,1,0,,,0x00,0xFF,,,,,
5,ERR77,FAN 1 FAULT,,ERROR,1,1,,,0x00,0xFF,,,,,
5,ERR71,A/C EVAPORATOR TEMP SENSOR FAILED,,ERROR,1,2,,,0x00,0xFF,,,,,
5,ERR70,A/C CLUTCH RELAY FAULT,,ERROR,1,3,,,0x00,0xFF,,,,,
5,ERR31,UNKNOWN ERR31,,ERROR,1,4,,,0x00,0xFF,,,,,
5,ERR19,UNKNOWN ERR19,,ERROR,1,5,,,0x00,0xFF,,,,,
5,ERR18,UNKNOWN ERR18,,ERROR,1,6,,,0x00,0xFF,,,,,
5,ERR17,UNKNOWN ERR17,,ERROR,1,7,,,0x00,0xFF,RESEARCH,,,,
6,UNKNOWNB6,Unknown MSG2 Byte 6,,HACKER,8,0,,,0x00,0xFF,RESEARCH,,,,
7,UNKNOWNB7,Unknown MSG2 Byte 7,,HACKER,8,0,,,0x00,0xFF,RESEARCH,,,,
8,UNKNOWNB8,Unknown MSG2 Byte 8,,HACKER,8,0,,,0x00,0xFF,RESEARCH,,,,
9,UNKNOWNB9,Unknown MSG2 Byte 9,,HACKER,8,0,,,0x00,0xFF,RESEARCH,,,,
10,UNKNOWNB10,Unknown MSG2 Byte 10,,HACKER,8,0,,,0x00,0xFF,RESEARCH,,,,
11,UNKNOWNB11,Unknown MSG2 Byte 11,,HACKER,8,0,,,0x00,0xFF,RESEARCH,,,,
12,UNKNOWNB12,Unknown MSG2 Byte 12,,HACKER,8,0,,,0x00,0xFF,,,,,
13,STORED27,STORED EGR ELECTRICAL FAULT,,ERROR,1,0,,,0x00,0xFF,,,,,
13,STORED26,STORED CCP ELECTRICAL FAULT,,ERROR,1,1,,,0x00,0xFF,,,,,
13,STORED25,STORED MAT SENSOR HIGH,,ERROR,1,2,,,0x00,0xFF,,,,,
13,STORED23,STORED MAT SENSOR LOW,,ERROR,1,3,,,0x00,0xFF,,,,,
13,STORED16,STORED LO-RES FAILURE,,ERROR,1,4,,,0x00,0xFF,,,,,
13,STORED13,STORED LEFT O2 SENSOR FAILED,,ERROR,1,5,,,0x00,0xFF,,,,,
13,STORED12,STORED NO REFERENCE PULSES,,ERROR,1,6,,,0x00,0xFF,,,,,
13,STORED11,STORED MALF INDICATOR LAMP (MIL) FAULT,,ERROR,1,7,,,0x00,0xFF,,,,,
14,STORED43,STORED ESC FAILURE,,ERROR,1,0,,,0x00,0xFF,,,,,
14,STORED42,STORED EST GROUNDED,,ERROR,1,1,,,0x00,0xFF,,,,,
14,STORED41,STORED EST OPEN,,ERROR,1,2,,,0x00,0xFF,,,,,
14,STORED36,STORED HI-RES FAILURE,,ERROR,1,3,,,0x00,0xFF,,,,,
14,STORED48,STORED MASS AIR FLOW SYSTEM FAILURE,,ERROR,1,4,,,0x00,0xFF,,,,,
14,STORED47,STORED UNKNOWN,,ERROR,1,5,,,0x00,0xFF,,,,,
14,STORED32,STORED EGR SYSTEM FAULT,,ERROR,1,6,,,0x00,0xFF,,,,,
14,STORED29,STORED EAS ELECTRICAL FAULT,,ERROR,1,7,,,0x00,0xFF,,,,,
15,STORED61,STORED A/C LOW CHARGE,,ERROR,1,0,,,0x00,0xFF,,,,,
15,STORED55,STORED FUEL SYSTEM LEAN,,ERROR,1,1,,,0x00,0xFF,,,,,
15,STORED54,STORED ERR54,,ERROR,1,2,,,0x00,0xFF,,,,,
15,STORED52,STORED OIL TEMPERATURE LOW,,ERROR,1,3,,,0x00,0xFF,,,,,
15,STORED50,STORED SYSTEM VOLTAGE LOW,,ERROR,1,4,,,0x00,0xFF,,,,,
15,STORED46,STORED FUEL ENABLE FAILURE,,ERROR,1,5,,,0x00,0xFF,,,,,
15,STORED45,STORED LEFT O2 SENSOR RICH,,ERROR,1,6,,,0x00,0xFF,,,,,
15,STORED44,STORED LEFT O2 SENSOR LEAN,,ERROR,1,7,,,0x00,0xFF,,,,,
16,STORED69,STORED A/C CLUTCH CIRCUIT OPEN,,ERROR,1,0,,,0x00,0xFF,,,,,
16,STORED68,STORED A/C RELAY SHORTED,,ERROR,1,1,,,0x00,0xFF,,,,,
16,STORED67,STORED A/C PRESSURE TRANSDUCER DEGRADED,,ERROR,1,2,,,0x00,0xFF,,,,,
16,STORED66,STORED A/C PRESSURE TRANSDUCER OPEN/SHORT,,ERROR,1,3,,,0x00,0xFF,,,,,
16,STORED65,STORED RIGHT O2 SENSOR RICH,,ERROR,1,4,,,0x00,0xFF,,,,,
16,STORED64,STORED RIGHT O2 SENSOR LEAN,,ERROR,1,5,,,0x00,0xFF,,,,,
16,STORED63,STORED RIGHT O2 SENSOR FAILED,,ERROR,1,6,,,0x00,0xFF,,,,,
16,STORED62,STORED OIL TEMPERATURE HIGH,,ERROR,1,7,,,0x00,0xFF,,,,,
17,STORED78,STORED FAN 2 FAULT,,ERROR,1,0,,,0x00,0xFF,,,,,
17,STORED77,STORED FAN 1 FAULT,,ERROR,1,1,,,0x00,0xFF,,,,,
17,STORED71,STORED A/C EVAPORATOR TEMP SENSOR FAILED,,ERROR,1,2,,,0x00,0xFF,,,,,
17,STORED70,STORED A/C CLUTCH RELAY FAULT,,ERROR,1,3,,,0x00,0xFF,,,,,
17,STORED31,STORED UNKNOWN ERR31,,ERROR,1,4,,,0x00,0xFF,,,,,
17,STORED19,STORED UNKNOWN ERR19,,ERROR,1,5,,,0x00,0xFF,,,,,
17,STORED18,STORED UNKNOWN ERR18,,ERROR,1,6,,,0x00,0xFF,,,,,
17,STORED17,STORED UNKNOWN ERR17,,ERROR,1,7,,,0x00,0xFF,,,,,
18,STORED57,STORED UNKNOWN ERR57,,ERROR,1,0,,,0x00,0xFF,,,,,
18,STORED56,STORED UNKNOWN ERR56,,ERROR,1,1,,,0x00,0xFF,,,,,
18,STORED49,STORED UNKNOWN ERR49,,ERROR,1,2,,,0x00,0xFF,,,,,
18,STORED34,STORED MAP SENSOR LOW,,ERROR,1,3,,,0x00,0xFF,,,,,
18,STORED33,STORED MAP SENSOR HIGH,,ERROR,1,4,,,0x00,0xFF,,,,,
18,STORED39,STORED UNKNOWN ERR39,,ERROR,1,5,,,0x00,0xFF,,,,,
18,STORED35,STORED UNKNOWN ERR35,,ERROR,1,6,,,0x00,0xFF,,,,,
18,STORED24,STORED OUTPUT SPEED LOW,,ERROR,1,7,,,0x00,0xFF,,,,,
19,STORED53,STORED SYSTEM VOLTAGE HIGH,,ERROR,1,0,,,0x00,0xFF,,,,,
19,STORED51,STORED PROM/FLASH ERROR,,ERROR,1,1,,,0x00,0xFF,,,,,
19,STORED38,STORED BRAKE SWITCH STUCK OFF,,ERROR,1,2,,,0x00,0xFF,,,,,
19,STORED37,STORED BRAKE SWITCH STUCK ON,,ERROR,1,3,,,0x00,0xFF,,,,,
19,STORED22,STORED THROTTLE POSITION LOW,,ERROR,1,4,,,0x00,0xFF,,,,,
19,STORED21,STORED THROTTLE POSITION HIGH,,ERROR,1,5,,,0x00,0xFF,,,,,
19,STORED15,STORED COOLANT TEMPERATURE LOW,,ERROR,1,6,,,0x00,0xFF,,,,,
19,STORED14,STORED COOLANT TEMPERATURE HIGH,,ERROR,1,7,,,0x00,0xFF,,,,,
20,STORED76,STORED LONG SYSTEM VOLTAGE HIGH,,ERROR,1,0,,,0x00,0xFF,,,,,
20,STORED75,STORED SYSTEM VOLTAGE LOW,,ERROR,1,1,,,0x00,0xFF,,,,,
20,STORED74,STORED ASR ACTIVE FAULT,,ERROR,1,2,,,0x00,0xFF,,,,,
20,STORED73,STORED FORCE MOTOR CURRENT,,ERROR,1,3,,,0x00,0xFF,,,,,
20,STORED72,STORED OUTPUT SPEED LOSS,,ERROR,1,4,,,0x00,0xFF,,,,,
20,STORED59,STORED TRANSMISSION TEMPERATURE LOW,,ERROR,1,5,,,0x00,0xFF,,,,,
20,STORED58,STORED TRANSMISSION TEMPERATURE HIGH,,ERROR,1,6,,,0x00,0xFF,,,,,
20,STORED28,STORED PRESSURE SWITCH MANIFOLD,,ERROR,1,7,,,0x00,0xFF,,,,,
21,STORED86,STORED LOW RATIO,,ERROR,1,0,,,0x00,0xFF,,,,,
21,STORED85,STORED TCC STUCK ON,,ERROR,1,1,,,0x00,0xFF,,,,,
21,STORED84,STORED 3-2 DOWNSHIFT FEEDBACK FAULT,,ERROR,1,2,,,0x00,0xFF,,,,,
21,STORED83,STORED TCC CONTROL FEEDBACK FAULT,,ERROR,1,3,,,0x00,0xFF,,,,,
21,STORED82,STORED SHIFT A SOLENOID FAULT,,ERROR,1,4,,,0x00,0xFF,,,,,
21,STORED81,STORED SHIFT B SOLENOID FAULT,,ERROR,1,5,,,0x00,0xFF,,,,,
21,STORED80,STORED TRANSMISSION COMPONENT SLIPPING,,ERROR,1,6,,,0x00,0xFF,,,,,
21,STORED79,STORED TRANSMISSION OVER TEMPERATURE,,ERROR,1,7,,,0x00,0xFF,,,,,
22,STORED94,STORED TRANS MANUAL LIGHT FAULT,,ERROR,1,0,,,0x00,0xFF,,,,,
22,STORED93,STORED SERVICE VEH. SOON LIGHT FAULT,,ERROR,1,1,,,0x00,0xFF,,,,,
22,STORED92,STORED TRANS PERF LIGHT FAULT,,ERROR,1,2,,,0x00,0xFF,,,,,
22,STORED91,STORED UNKNOWN,,ERROR,1,3,,,0x00,0xFF,,,,,
22,STORED90,STORED TCC ENABLE FAULT,,ERROR,1,4,,,0x00,0xFF,,,,,
22,STORED89,STORED MAX ADAPT AND LONG SHIFT,,ERROR,1,5,,,0x00,0xFF,,,,,
22,STORED88,STORED UNKNOWN,,ERROR,1,6,,,0x00,0xFF,,,,,
22,STORED87,STORED HIGH RATIO,,ERROR,1,7,,,0x00,0xFF,,,,,
23,STORED99,STORED TACH OUTPUT FAULT,,ERROR,1,0,,,0x00,0xFF,,,,,
23,STORED98,STORED TORQUE DELIVERED FAULT,,ERROR,1,1,,,0x00,0xFF,,,,,
23,STORED97,STORED 4K PULSES PER MILE FAULT,,ERROR,1,2,,,0x00,0xFF,,,,,
23,STORED96,STORED OIL LEVEL LIGHT FAULT,,ERROR,1,3,,,0x00,0xFF,,,,,
23,STORED95,STORED OIL LIFE LIGHT FAULT,,ERROR,1,4,,,0x00,0xFF,,,,,
23,STORED60,STORED UNKNOWN,,ERROR,1,5,,,0x00,0xFF,,,,,
23,STORED40,STORED UNKNOWN,,ERROR,1,6,,,0x00,0xFF,,,,,
23,STORED30,STORED UNKNOWN,,ERROR,1,7,,,0x00,0xFF,,,,,
24,NVRATIO,Engine Speed to Vehicle Speed Ratio,,EXTENDED,8,0,,,0x00,0xFF,,,,,
25,RPM,Engine Speed,rpm,EXTENDED,16,0,,,0x00,0xFF,RPMMINOR,,,,
27,TCCBRAKE,TCC Brake Switch,,EXTENDED,1,0,,,0x00,0xFF,,,,,
27,SDINMW2_B1,Input Mode Word 2 Bit1,,HACKER,1,1,,,0x00,0xFF,,,,,
27,TRANSPERFSW,Trans Perform Switch Pressed,,EXTENDED,1,2,,,0x00,0xFF,,,,,
27,TRANSMODEA,Transmission Mode A,,EXTENDED,1,3,,,0x00,0xFF,,,,,
27,TRANSMODEB,Transmission Mode B,,EXTENDED,1,4,,,0x00,0xFF,,,,,
27,TRANSMODEC,Transmission Mode C,,EXTENDED,1,5,,,0x00,0xFF,,,,,
27,SPKRETREQ,Spark Retard Request,,EXTENDED,1,6,,,0x00,0xFF,,,,,
27,ASRACTIVE,ASR Active,,EXTENDED,1,7,,,0x00,0xFF,,,,,
28,RNG_LOW,Shift Range LOW,,EXTENDED,1,0,,,0x00,0xFF,,,,,
28,RNG_D2,Shift Range D2,,HACKER,1,1,,,0x00,0xFF,,,,,
28,RNG_D3,Shift Range D3,,HACKER,1,2,,,0x00,0xFF,,,,,
28,RNG_D4,Shift Range D4,,HACKER,1,3,,,0x00,0xFF,,,,,
28,PRNDLFLG_B4,PRNDLFLG Bit 4,,HACKER,1,4,,,0x00,0xFF,,,,,
28,RNG_REV,Shift Range REVERSE,,HACKER,1,5,,,0x00,0xFF,,,,,
28,RNG_PN,Shift Range PARKNEUTRAL,,HACKER,1,6,,,0x00,0xFF,,,,,
28,PRNDLFLG_B7,PRNDLFLG Bit 7,,HACKER,1,7,,,0x00,0xFF,,,,,
28,PRNDLFLG_RAW,Raw Shift Position Byte,,HACKER,8,0,,,0x00,0xFF,SHIFTPOS,,,,
29,ODM0,FAN 1 OPEN FAILURE,,BASIC,1,0,,,0x00,0xFF,,,,,
29,ODM1,FAN 2 OPEN FAILURE,,BASIC,1,1,,,0x00,0xFF,,,,,
29,ODM2,TACH OUTPUT OPEN FAILURE,,BASIC,1,2,,,0x00,0xFF,,,,,
29,ODM3,TORQUE AVAILABLE OPEN FAILURE,,BASIC,1,3,,,0x00,0xFF,,,,,
29,ODM4,EGR 1 OPEN FAILURE,,BASIC,1,4,,,0x00,0xFF,,,,,
29,ODM5,ELCOOLTMPRIC AIR SWITCH OPEN FAILURE,,BASIC,1,5,,,0x00,0xFF,,,,,
29,ODM6,TRANSMISSION PERFORMANCE LIGHT OPEN FAILURE,,BASIC,1,6,,,0x00,0xFF,,,,,
29,ODM7,ODM 1 OVER VOLTAGE FAILURE,,BASIC,1,7,,,0x00,0xFF,,,,,
30,ODM8,FAN 1 SHORT FAILURE,,BASIC,1,0,,,0x00,0xFF,,,,,
30,ODM9,FAN 2 SHORT FAILURE,,BASIC,1,1,,,0x00,0xFF,,,,,
30,ODM10,TACH OUTPUT SHORT FAILURE,,BASIC,1,2,,,0x00,0xFF,,,,,
30,ODM11,TORQUE AVAILABLE SHORT FAILURE,,BASIC,1,3,,,0x00,0xFF,,,,,
30,ODM12,EGR 1 SHORT FAILURE,,BASIC,1,4,,,0x00,0xFF,,,,,
30,ODM13,ELCOOLTMPRIC AIR SWITCH SHORT FAILURE,,BASIC,1,5,,,0x00,0xFF,,,,,
30,ODM14,TRANSMISSION PERFORMANCE LIGHT SHORT FAILURE,,BASIC,1,6,,,0x00,0xFF,,,,,
30,ODM15,ODM 1 OVER TEMPERATURE FAILURE,,BASIC,1,7,,,0x00,0xFF,,,,,
31,ODM16,CHECK TRANSMISSION LIGHT OPEN FAILURE,,BASIC,1,0,,,0x00,0xFF,,,,,
31,ODM17,4K PULSES/MILE OPEN FAILURE,,BASIC,1,1,,,0x00,0xFF,,,,,
31,ODM18,OIL LEVEL OPEN FAILURE,,BASIC,1,2,,,0x00,0xFF,,,,,
31,ODM19,TRANSMISSION MANUAL LIGHT OPEN FAILURE,,BASIC,1,3,,,0x00,0xFF,,,,,
31,ODM20,SHIFT A OPEN FAILURE,,BASIC,1,4,,,0x00,0xFF,,,,,
31,ODM21,SHIFT B OPEN FAILURE,,BASIC,1,5,,,0x00,0xFF,,,,,
31,ODM22,3-2 SHIFT SOLENOID/C.A.R.S. OPEN FAILURE,,BASIC,1,6,,,0x00,0xFF,,,,,
31,ODM23,ODM 2 OVER VOLTAGE FAILURE,,BASIC,1,7,,,0x00,0xFF,,,,,
32,ODM24,CHECK TRANSMISSION LIGHT SHORT FAILURE,,BASIC,1,0,,,0x00,0xFF,,,,,
32,ODM25,4K PULSES/MILE SHORT FAILURE,,BASIC,1,1,,,0x00,0xFF,,,,,
32,ODM26,OIL LEVEL SHORT FAILURE,,BASIC,1,2,,,0x00,0xFF,,,,,
32,ODM27,TRANSMISSION MANUAL LIGHT SHORT FAILURE,,BASIC,1,3,,,0x00,0xFF,,,,,
32,ODM28,SHIFT A SHORT FAILURE,,BASIC,1,4,,,0x00,0xFF,,,,,
32,ODM29,SHIFT B SHORT FAILURE,,BASIC,1,5,,,0x00,0xFF,,,,,
32,ODM30,3-2 SHIFT SOLENOID/C.A.R.S. SHORT FAILURE,,BASIC,1,6,,,0x00,0xFF,,,,,
32,ODM31,ODM 2 OVER TEMPERATURE FAILURE,,BASIC,1,7,,,0x00,0xFF,,,,,
33,ODM32,CHECK ENGINE LIGHT (MIL) OPEN FAILURE,,BASIC,1,0,,,0x00,0xFF,,,,,
33,ODM33,A/C CLUTCH OPEN FAILURE,,BASIC,1,1,,,0x00,0xFF,,,,,
33,ODM34,OIL LIFE OPEN FAILURE,,BASIC,1,2,,,0x00,0xFF,,,,,
33,ODM35,1-4 LIGHT OPEN FAILURE,,BASIC,1,3,,,0x00,0xFF,,,,,
33,ODM36,CCP OPEN FAILURE,,BASIC,1,4,,,0x00,0xFF,,,,,
33,ODM37,TCC ENABLE SOLENOID OPEN FAILURE,,BASIC,1,5,,,0x00,0xFF,,,,,
33,ODM38,TCC CONTROL SOLENOID OPEN FAILURE,,BASIC,1,6,,,0x00,0xFF,,,,,
33,ODM39,ODM 3 OVER VOLTAGE FAILURE,,BASIC,1,7,,,0x00,0xFF,,,,,
34,ODM40,CHECK ENGINE LIGHT (MIL) SHORT FAILURE,,BASIC,1,0,,,0x00,0xFF,,,,,
34,ODM41,A/C CLUTCH SHORT FAILURE,,BASIC,1,1,,,0x00,0xFF,,,,,
34,ODM42,OIL LIFE SHORT FAILURE,,BASIC,1,2,,,0x00,0xFF,,,,,
34,ODM43,1-4 LIGHT SHORT FAILURE,,BASIC,1,3,,,0x00,0xFF,,,,,
34,ODM44,CCP SHORT FAILURE,,BASIC,1,4,,,0x00,0xFF,,,,,
34,ODM45,TCC ENABLE SOLENOID SHORT FAILURE,,BASIC,1,5,,,0x00,0xFF,,,,,
34,ODM46,TCC CONTROL SOLENOID SHORT FAILURE,,BASIC,1,6,,,0x00,0xFF,,,,,
34,ODM47,ODM 3 OVER TEMPERATURE FAILURE,,BASIC,1,7,,,0x00,0xFF,,,,,
35,P0155,BANK 2 FRONT O2 HEATER CIRCUIT,,VERROR,1,7,,,0x00,0xFF,,,,,
35,P0135,BANK 1 O2 HEATER CIRCUIT,,VERROR,1,5,,,0x00,0xFF,,,,,
35,P1115,COOLTMP CIRCUIT INT HIGH,,VERROR,1,4,,,0x00,0xFF,,,,,
35,P1114,COOLTMP CIRCUIT INT LOW,,VERROR,1,3,,,0x00,0xFF,,,,,
35,P0118,COOLTMP CIRCUIT HIGH INPUT,,VERROR,1,2,,,0x00,0xFF,,,,,
35,P0117,COOLTMP CIRCUIT LOW INPUT,,VERROR,1,1,,,0x00,0xFF,,,,,
35,P0116,COOLTMP CIRCUIT RANGE/ PERF PROBLEM,,VERROR,1,0,,,0x00,0xFF,,,,,
36,P0153,BANK 2 FRONT O2 SLOW RESPONSE,,VERROR,1,6,,,0x00,0xFF,,,,,
36,P0133,BANK 1 O2 SLOW RESPONSE,,VERROR,1,4,,,0x00,0xFF,,,,,
36,P0172,BANK 1 FUEL TRIM RICH,,VERROR,1,2,,,0x00,0xFF,,,,,
36,P0171,BANK 1 FUEL TRIM LEAN,,VERROR,1,1,,,0x00,0xFF,,,,,
36,P0161,BANK 2 REAR O2 HEATER CIRCUIT,,VERROR,1,0,,,0x00,0xFF,,,,,
37,P0154,BANK 2 FRONT O2 CIRCUIT NOT ACTIVE,,VERROR,1,7,,,0x00,0xFF,,,,,
37,P0134,BANK 1 O2 CIRCUIT NOT ACTIVE,,VERROR,1,6,,,0x00,0xFF,,,,,
37,P0151,BANK 2 FRONT O2 CIRCUIT LEAN,,VERROR,1,5,,,0x00,0xFF,,,,,
37,P0131,BANK 1 O2 CIRCUIT LEAN,,VERROR,1,4,,,0x00,0xFF,,,,,
37,P1153,BANK 2 FRONT O2 SWITCHING FAULT,,VERROR,1,2,,,0x00,0xFF,,,,,
37,P1133,BANK 1 O2 SWITCHING FAULT,,VERROR,1,0,,,0x00,0xFF,,,,,
38,P0158,BANK 2 REAR O2 CIRCUIT HIGH VOLT,,VERROR,1,7,,,0x00,0xFF,,,,,
38,P0160,BANK 2 REAR O2 CIRCUIT NOT ACTIVE,,VERROR,1,5,,,0x00,0xFF,,,,,
38,P0152,BANK 2 FRONT O2 CIRCUIT RICH,,VERROR,1,1,,,0x00,0xFF,,,,,
38,P0132,BANK 1 O2 CIRCUIT RICH,,VERROR,1,0,,,0x00,0xFF,,,,,
39,P0420,BANK 2 CATALYST SYSTEM FAULT,,VERROR,1,7,,,0x00,0xFF,,,,,
39,P1158,BANK 2 REAR O2 SHIFTED RICH,,VERROR,1,3,,,0x00,0xFF,,,,,
40,P0175,BANK 2 FRONT FUEL TRIM RICH,,VERROR,1,1,,,0x00,0xFF,,,,,
40,P0174,BANK 2 FRONT FUEL TRIM LEAN,,VERROR,1,0,,,0x00,0xFF,,,,,
41,HIST_P0155,BANK 2 FRONT O2 HEATER CIRCUIT,,VERROR,1,7,,,0x00,0xFF,,,,,
41,HIST_P0135,BANK 1 O2 HEATER CIRCUIT,,VERROR,1,5,,,0x00,0xFF,,,,,
41,HIST_P1115,COOLTMP CIRCUIT INT HIGH,,VERROR,1,4,,,0x00,0xFF,,,,,
41,HIST_P1114,COOLTMP CIRCUIT INT LOW,,VERROR,1,3,,,0x00,0xFF,,,,,
41,HIST_P0118,COOLTMP CIRCUIT HIGH INPUT,,VERROR,1,2,,,0x00,0xFF,,,,,
41,HIST_P0117,COOLTMP CIRCUIT LOW INPUT,,VERROR,1,1,,,0x00,0xFF,,,,,
41,HIST_P0116,COOLTMP CIRCUIT RANGE/ PERF PROBLEM,,VERROR,1,0,,,0x00,0xFF,,,,,
42,HIST_P0153,BANK 2 FRONT O2 SLOW RESPONSE,,VERROR,1,6,,,0x00,0xFF,,,,,
42,HIST_P0133,BANK 1 O2 SLOW RESPONSE,,VERROR,1,4,,,0x00,0xFF,,,,,
42,HIST_P0172,BANK 1 FUEL TRIM RICH,,VERROR,1,2,,,0x00,0xFF,,,,,
42,HIST_P0171,BANK 1 FUEL TRIM LEAN,,VERROR,1,1,,,0x00,0xFF,,,,,
42,HIST_P0161,BANK 2 REAR O2 HEATER CIRCUIT,,VERROR,1,0,,,0x00,0xFF,,,,,
43,HIST_P0154,BANK 2 FRONT O2 CIRCUIT NOT ACTIVE,,VERROR,1,7,,,0x00,0xFF,,,,,
43,HIST_P0134,BANK 1 O2 CIRCUIT NOT ACTIVE,,VERROR,1,6,,,0x00,0xFF,,,,,
43,HIST_P0151,BANK 2 FRONT O2 CIRCUIT LEAN,,VERROR,1,5,,,0x00,0xFF,,,,,
43,HIST_P0131,BANK 1 O2 CIRCUIT LEAN,,VERROR,1,4,,,0x00,0xFF,,,,,
43,HIST_P1153,BANK 2 FRONT O2 SWITCHING FAULT,,VERROR,1,2,,,0x00,0xFF,,,,,
43,HIST_P1133,BANK 1 O2 SWITCHING FAULT,,VERROR,1,0,,,0x00,0xFF,,,,,
44,HIST_P0158,BANK 2 REAR O2 CIRCUIT HIGH VOLT,,VERROR,1,7,,,0x00,0xFF,,,,,
44,HIST_P0160,BANK 2 REAR O2 CIRCUIT NOT ACTIVE,,VERROR,1,5,,,0x00,0xFF,,,,,
44,HIST_P0152,BANK 2 FRONT O2 CIRCUIT RICH,,VERROR,1,1,,,0x00,0xFF,,,,,
44,HIST_P0132,BANK 1 O2 CIRCUIT RICH,,VERROR,1,0,,,0x00,0xFF,,,,,
45,HIST_P0420,BANK 2 CATALYST SYSTEM FAULT,,VERROR,1,7,,,0x00,0xFF,,,,,
45,HIST_P1158,BANK 2 REAR O2 SHIFTED RICH,,VERROR,1,3,,,0x00,0xFF,,,,,
46,HIST_P0175,BANK 2 FRONT FUEL TRIM RICH,,VERROR,1,1,,,0x00,0xFF,,,,,
46,HIST_P0174,BANK 2 FRONT FUEL TRIM LEAN,,VERROR,1,0,,,0x00,0xFF,,,,,
NEW,0xF4,0x03,AD,,,,,,,,,,,,
0,ADACPRES,AC Pressure Input,v,BASIC,8,0,0.0196078431,,0x00,0xFF,,,,,
1,ADEGRPOS,EGR Position Input,v,BASIC,8,0,0.0196078431,,0x00,0xFF,,,,,
2,ADCHANNEL0104,ADCHANNEL0104 UNKNOWN,,HACKER,8,0,,,0x00,0xFF,RESEARCH,,,,
3,ADCHANNEL0105,ADCHANNEL0105,,HACKER,8,0,,,0x00,0xFF,RESEARCH,,,,
4,ADCHANNEL0106,ADCHANNEL0106,,HACKER,8,0,,,0x00,0xFF,RESEARCH,,,,
5,ADTHROTT,TPS Input,,BASIC,8,0,,,0x00,0xFF,,,,,
6,ADMAP,MAP Input,,BASIC,8,0,,,0x00,0xFF,,,,,
7,ADCHANNEL0109,ADCHANNEL0109,,HACKER,8,0,,,0x00,0xFF,RESEARCH,,,,
8,ADCHANNEL010A,ADCHANNEL010A,,HACKER,8,0,,,0x00,0xFF,RESEARCH,,,,
9,ADCHANNEL010B,ADCHANNEL010B,,HACKER,8,0,,,0x00,0xFF,RESEARCH,,,,
10,ADCHANNEL010C,ADCHANNEL010C,,HACKER,8,0,,,0x00,0xFF,RESEARCH,,,,
11,ADCHANNEL010D,ADCHANNEL010D,,HACKER,8,0,,,0x00,0xFF,RESEARCH,,,,
12,ADCHANNEL010E,ADCHANNEL010E,,HACKER,8,0,,,0x00,0xFF,RESEARCH,,,,
13,ADCHANNEL010F,ADCHANNEL010F,,HACKER,8,0,,,0x00,0xFF,RESEARCH,,,,
14,ADCHANNEL1828,ADCHANNEL1828,,HACKER,8,0,,,0x00,0xFF,RESEARCH,,,,
15,ADCHANNEL0111,ADCHANNEL0111,,HACKER,8,0,,,0x00,0xFF,RESEARCH,,,,
16,ADCHANNEL0112,ADCHANNEL0112,,HACKER,8,0,,,0x00,0xFF,RESEARCH,,,,
17,ADCHANNEL0113,ADCHANNEL0113,,HACKER,8,0,,,0x00,0xFF,RESEARCH,,,,
18,ADCHANNEL0114,ADCHANNEL0114,,HACKER,8,0,,,0x00,0xFF,RESEARCH,,,,
19,ADCHANNEL0115,ADCHANNEL0115,,HACKER,8,0,,,0x00,0xFF,RESEARCH,,,,
20,ADCHANNEL0116,ADCHANNEL0116,,HACKER,8,0,,,0x00,0xFF,RESEARCH,,,,
21,ADIGNVLT,Ignition Voltage Raw,,BASIC,8,0,,,0x00,0xFF,,,,,
22,ADCHANNEL0118,ADCHANNEL0118,,HACKER,8,0,,,0x00,0xFF,RESEARCH,,,,
23,ADCHANNEL0119,ADCHANNEL0119,,HACKER,8,0,,,0x00,0xFF,RESEARCH,,,,
24,ADCHANNEL011A,ADCHANNEL011A,,HACKER,8,0,,,0x00,0xFF,RESEARCH,,,,
25,ADCHANNEL011B,ADCHANNEL011B (VETTE_POSTCAT_O2),,HACKER,8,0,,,0x00,0xFF,RESEARCH,,,,
26,ADCHANNEL011C,ADCHANNEL011C,,HACKER,8,0,,,0x00,0xFF,RESEARCH,,,,
27,ADCHANNEL011D,ADCHANNEL011D,,HACKER,8,0,,,0x00,0xFF,RESEARCH,,,,
28,ADCHANNEL011E,ADCHANNEL011E,,HACKER,8,0,,,0x00,0xFF,RESEARCH,,,,
29,ADLO2RAW,Left O2 Input,,BASIC,8,0,,,0x00,0xFF,,,,,
30,ADLO2RAW450,ADCHANNEL0125,,HACKER,8,0,,,0x00,0xFF,RESEARCH,,,,
31,ADRO2RAW,Right O2 Input,,BASIC,8,0,,,0x00,0xFF,,,,,
32,ADRO2RAW450,ADCHANNEL0127,,HACKER,8,0,,,0x00,0xFF,RESEARCH,,,,
33,ADCHANNEL007D,ADCHANNEL007D,,HACKER,8,0,,,0x00,0xFF,RESEARCH,,,,
34,ADCHANNEL007E,ADCHANNEL007E,,HACKER,8,0,,,0x00,0xFF,RESEARCH,,,,
35,ADCHANNEL007F,ADCHANNEL007F,,HACKER,8,0,,,0x00,0xFF,RESEARCH,,,,
36,HC11_PORTA,HC11_PORTA,,BASIC,8,0,,,0x00,0xFF,,,,,
37,HC11_PORTG,HC11_PORTG,,BASIC,8,0,,,0x00,0xFF,,,,,
38,ADCHANNEL02B7,ADCHANNEL02B7,,HACKER,8,0,,,0x00,0xFF,RESEARCH,,,,
39,ADCHANNEL02B6,ADCHANNEL02B6,,HACKER,8,0,,,0x00,0xFF,RESEARCH,,,,
40,ADCHANNEL02AE,ADCHANNEL02AE,,HACKER,8,0,,,0x00,0xFF,RESEARCH,,,,
41,ADCHANNEL02AF,ADCHANNEL02AF,,HACKER,8,0,,,0x00,0xFF,RESEARCH,,,,
42,ADCHANNEL02B1,ADCHANNEL02B1,,HACKER,8,0,,,0x00,0xFF,RESEARCH,,,,
43,ADCHANNEL02B2,ADCHANNEL02B2,,HACKER,8,0,,,0x00,0xFF,RESEARCH,,,,
44,ADCHANNEL02B0,ADCHANNEL02B0,,HACKER,8,0,,,0x00,0xFF,RESEARCH,,,,
45,ADCHANNEL02B5,ADCHANNEL02B5,,HACKER,8,0,,,0x00,0xFF,RESEARCH,,,,
46,ADCHANNEL02C0,ADCHANNEL02C0,,HACKER,8,0,,,0x00,0xFF,RESEARCH,,,,
47,ADCHANNEL02C1,ADCHANNEL02C1,,HACKER,8,0,,,0x00,0xFF,RESEARCH,,,,
48,ADCHANNEL02C2,ADCHANNEL02C2,,HACKER,8,0,,,0x00,0xFF,RESEARCH,,,,
49,ADCHANNEL02C3,ADCHANNEL02C3,,HACKER,8,0,,,0x00,0xFF,RESEARCH,,,,
50,ADCHANNEL02C4,ADCHANNEL02C4,,HACKER,8,0,,,0x00,0xFF,RESEARCH,,,,
51,ADCHANNELF7C5,ADCHANNELF7C5,,HACKER,8,0,,,0x00,0xFF,RESEARCH,,,,
52,ADCHANNELF7C6,ADCHANNELF7C6,,HACKER,8,0,,,0x00,0xFF,RESEARCH,,,,
53,ADCHANNELF7C7,ADCHANNELF7C7,,HACKER,8,0,,,0x00,0xFF,RESEARCH,,,,
54,ADCHANNELF7C8,ADCHANNELF7C8,,HACKER,8,0,,,0x00,0xFF,RESEARCH,,,,
55,ADCHANNELF7C9,ADCHANNELF7C9,,HACKER,8,0,,,0x00,0xFF,RESEARCH,,,,
56,ADCHANNELF7CA,ADCHANNELF7CA,,HACKER,8,0,,,0x00,0xFF,RESEARCH,,,,
57,ADCHANNELF7CB,ADCHANNELF7CB,,HACKER,8,0,,,0x00,0xFF,RESEARCH,,,,
58,ADCHANNELF7CC,ADCHANNELF7CC,,HACKER,8,0,,,0x00,0xFF,RESEARCH,,,,
59,ADCHANNELF7CD,ADCHANNELF7CD,,HACKER,8,0,,,0x00,0xFF,RESEARCH,,,,
60,ADCHANNELF7CE,ADCHANNELF7CE,,HACKER,8,0,,,0x00,0xFF,RESEARCH,,,,
61,ADCHANNELF7CF,ADCHANNELF7CF,,HACKER,8,0,,,0x00,0xFF,RESEARCH,,,,
62,ADCHANNELF7D0,ADCHANNELF7D0,,HACKER,8,0,,,0x00,0xFF,RESEARCH,,,,
63,ADCHANNELF7D1,ADCHANNELF7D1,,HACKER,8,0,,,0x00,0xFF,RESEARCH,,,,
64,ADCHANNELF7D2,ADCHANNELF7D2,,HACKER,8,0,,,0x00,0xFF,RESEARCH,,,,
65,ADCHANNELF7D7,ADCHANNELF7D7,,HACKER,8,0,,,0x00,0xFF,RESEARCH,,,,
66,ADCHANNELF7D8,ADCHANNELF7D8,,HACKER,8,0,,,0x00,0xFF,RESEARCH,,,,
NEW,0xF4,0x04,Info,,,,,,,,,,,,
0,VINNUMBER,Programmed VIN Number,,BASIC,136,0,,,0x00,0xFF,ASCII,,,,
17,CALID,End Model Number,,BASIC,32,0,,,0x00,0xFF,,,,,
21,SIDERAIL,Side Rail Number,,BASIC,120,0,,,0x00,0xFF,ASCII,,,,
37,M1BTPTRN ,Module 1 Bit Pattern Number,,EXTENDED,32,0,,,0x00,0xFF,,,,,
41,GP6EM2P1,Module 2 Part Number Byte,,EXTENDED,32,0,,,0x00,0xFF,,,,,
NEW,0xF4,0x05,Speedlog/OBDII,,,,,,,,,,,,
2,RPM,Engine Speed,rpm,BASIC,16,0,,,0x01,0xFF,RPMMINOR,300,6000,0,8000
10,TPS,Throttle Position,%,BASIC,8,0,0.392156862,0.01,0x01,0xFF,,,99,,
13,LO2,Left Oxygen Sensor Volts,mv,BASIC,8,0,4.44,,0x01,0xFF,,,,,
14,RO2,Right Oxygen Sensor Volts,mv,BASIC,8,0,4.44,,0x01,0xFF,,,,,
15,BLMCELL,Block Learn Mode Cell,,BASIC,8,0,,,0x01,0xFF,,,,0,18
16,LBLM,Left Block Learn Trim,,BASIC,8,0,,,0x01,0xFF,TRIM,112,145,86,192
17,RBLM,Right Block Learn Trim,,BASIC,8,0,,,0x01,0xFF,TRIM,112,145,86,192
18,LINT,Left Integrator Counts,,BASIC,8,0,,,0x01,0xFF,TRIM,112,145,86,192
19,RINT,Right Integrator Counts,,BASIC,8,0,,,0x01,0xFF,TRIM,112,145,86,192
16,AVGBLM,Left+Right Block Learn Trim,,BASIC,8,0,,,0x01,0xFF,AVG,112,145,86,192
18,AVGINT,Left+Right Integrator,,BASIC,8,0,,,0x01,0xFF,AVG,112,145,86,192
1,PE,Power Enrichment Active,,BASIC,1,0,,,0x01,0xFF,,,,,
0,CL,Closed Loop Enable,,BASIC,1,0,,,0x01,0xFF,,,,,
32,VSS,Vehicle Speed,mph,BASIC,8,0,,,0x01,0xFF,MPH,,120,,
33,AFR,AFR Target,:1,BASIC,8,2,0.1,,0x01,0xFF,,10,16,0,25.5
0,LO2RDY,Left O2 Ready,,EXTENDED,1,1,,,0x01,0xFF,,,,,
0,RO2RDY,Right O2 Ready,,EXTENDED,1,2,,,0x01,0xFF,,,,,
0,BLM,Block Learn Mode Enable,,BASIC,1,3,,,0x01,0xFF,,,,,
0,CCP,Charcoal Canister Purge Enable,,BASIC,1,4,,,0x01,0xFF,,,,,
0,CATOVERTEMP,CAT Converter Over Temp,,EXTENDED,1,5,,,0x01,0xFF,,,,,
0,ENGINEDTC,Engine DTC Error Occurred,,EXTENDED,1,6,,,0x01,0xFF,,,,,
4,FAN1,Fan 1 Enabled,,BASIC,1,0,,,0x03,0xFF,,,,,
4,FAN2,Fan 2 Enabled,,BASIC,1,1,,,0x03,0xFF,,,,,
4,AIR,Air Pump Enabled,,BASIC,1,2,,,0x03,0xFF,,,,,
4,AC,Air Conditioning Enabled,,BASIC,1,3,,,0x03,0xFF,,,,,
4,SDOUTMW2_B4,Output Mode Word 2 Bit 4,,HACKER,1,4,,,0x03,0xFF,,,,,
4,SDOUTMW2_B5,Output Mode Word 2 Bit 5,,HACKER,1,5,,,0x03,0xFF,,,,,
4,SDOUTMW2_B6,Output Mode Word 2 Bit 6,,HACKER,1,6,,,0x03,0xFF,,,,,
4,SDOUTMW2_B7,Output Mode Word 2 Bit 7,,HACKER,1,7,,,0x03,0xFF,,,,,
0,TRANSDTC,Transmission DTC Error Occurred,,EXTENDED,1,7,,,0x01,0xFF,,,,,
5,IDLETARGET,Idle Target RPM,rpm,BASIC,8,0,12.5,,0x01,0xFF,,300,1500,,
6,COOLTMP,Coolant Temperature,c,BASIC,8,1,0.75,-40,0x01,0xFF,CELCIUS,-10,120,,
7,IAT,Intake Air Temperature,c,BASIC,8,1,0.75,-40,0x01,0xFF,CELCIUS,-10,60,,
8,WIDEBAND_AC,Wideband O2 @ AC Pressure,:1,EXTENDED,8,2,,,0x01,0xFF,WIDEBAND,10,16,0,25.5
8,ACPRESSVOLT,AC Pressure Sensor Voltage,v,EXTENDED,8,2,0.0196078431,,0x01,0xFF,,,,,
8,ACPRESS,AC Pressure,psi,EXTENDED,8,1,1.8333,-14.95,0x01,0xFF,,,,,
9,MAP,Manifold Absolute Pressure,kpa,BASIC,8,1,0.369004,10.3542,0x01,0xFF,KPA,5,100,,
11,IGNVOLTS,ECM Input Voltage,v,BASIC,8,0,0.1,,0x01,0xFF,,,,,
12,BARO,Barometric Pressure,kpa,EXTENDED,8,0,0.369004,10.3542,0x01,0xFF,KPA,80,,,
20,LBPW,Left Injector Pulsewidth,,BASIC,16,2,0.0152587891,,0x01,0xFF,,1,,0,100
22,RBPW,Right Injector Pulsewidth,,BASIC,16,2,0.0152587891,,0x01,0xFF,,1,,0,100
24,MAF,MAF Airflow,g/s,BASIC,16,2,0.0078125,,0x01,0xFF,,1,,8,250
26,IAC,Idle Air Controller Position,,BASIC,8,0,,,0x01,0xFF,,10,150,0,160
27,SPKADV,Spark Advance,deg,BASIC,8,0,,,0x01,0xFF,,8,50,0,70
28,KR,Knock Retard,deg,BASIC,8,0,0.0625,,0x01,0xFF,,,2,,
29,KCOUNT,Knock Counts,,BASIC,16,0,,,0x01,0xFF,,,,,
31,WIDEBAND_D27,Wideband O2 @ Pin D27,:1,EXTENDED,8,2,,,0x01,0xFF,WIDEBAND,10,16,0,25.5
31,ADEGRPOS,EGR Position Feedback,counts,EXTENDED,8,0,,,0x01,0xFF,,,,,
1,KICKDOWNPAT,Kickdown Pattern,,EXTENDED,1,1,,,0x01,0xFF,,,,,
1,MALF43A,MALF 43A ACTIVE,,HACKER,1,2,,,0x01,0xFF,,,,,
1,MALF43C,MALF 43C ACTIVE,,HACKER,1,3,,,0x01,0xFF,,,,,
1,MALF43D,MALF 43D ACTIVE,,HACKER,1,4,,,0x01,0xFF,,,,,
1,INJFAULT,Injector Fault Detected,,EXTENDED,1,5,,,0x01,0xFF,,,,,
1,FEDSENABLE,Corvette Fuel Enable,,EXTENDED,1,6,,,0x01,0xFF,,,,,
1,RESETOCC,Reset Occurred,,HACKER,1,7,,,0x01,0xFF,,,,,
30,TRIPCLO1,OBD-II Trip Counter 1,,BASIC,16,0,,,0x00,0x00,,,,,
32,TRIPCLO2,OBD-II Trip Counter 1,,BASIC,16,0,,,0x00,0x00,,,,,
34,TRIPCLO3,OBD-II Trip Counter 1,,BASIC,16,0,,,0x00,0x00,,,,,
36,TRIPCLO4,OBD-II Trip Counter 1,,BASIC,16,0,,,0x00,0x00,,,,,
38,TRIPCLO5,OBD-II Trip Counter 1,,BASIC,16,0,,,0x00,0x00,,,,,
40,TRIPCLO6,OBD-II Trip Counter 1,,BASIC,16,0,,,0x00,0x00,,,,,
64,CATPASS,NUMBER OF CATALYST MONITOR PASSES,,BASIC,16,0,,,0x00,0x00,,,,,
66,CATFAIL,NUMBER OF CATALYST MONITOR FAILS,,BASIC,16,0,,,0x00,0x00,,,,,
68,O2H1FAL,NUMBER OF O2 HEATER FAILS - R1,,BASIC,16,0,,,0x00,0x00,,,,,
70,O2H2FAL,NUMBER OF O2 HEATER FAILS - R2,,BASIC,16,0,,,0x00,0x00,,,,,
72,O2R1FAL,NUMBER OF O2 RESPONSE FAILS - R1,,BASIC,16,0,,,0x00,0x00,,,,,
74,O2S1FAL,NUMBER OF O2 SWITCH FAILS - R1,,BASIC,16,0,,,0x00,0x00,,,,,
76,O2L1FAL,NUMBER OF O2 LEAN FAILS - R1,,BASIC,16,0,,,0x00,0x00,,,,,
78,O2I1FAL,NUMBER OF O2 INACTIVE FAILS - R1,,BASIC,16,0,,,0x00,0x00,,,,,
80,O2RCFAL,NUMBER OF O2 RICH FAILS - R1,,BASIC,16,0,,,0x00,0x00,,,,,
82,O2G1FAL,NUMBER OF O2 GROUNDED FAILS - R1,,BASIC,16,0,,,0x00,0x00,,,,,
84,O2I2FAL,NUMBER OF O2 INACTIVE FAILS - R2,,BASIC,16,0,,,0x00,0x00,,,,,
86,O2SHFAL,NUMBER OF O2 SHORT HI FAILS - R2,,BASIC,16,0,,,0x00,0x00,,,,,
88,O2SLFAL,NUMBER OF O2 SHIFT LEAN FAILS-R2,,BASIC,16,0,,,0x00,0x00,,,,,
90,O2SRFAL,NUMBER OF O2 SHIFT RICH FAILS-R2,,BASIC,16,0,,,0x00,0x00,,,,,
92,EVDIFOL,MAX VALUE OF CATALYST EWMA,,BASIC,8,0,,,0x00,0x00,,,,,
93,DOBLM10,Bank 1 Adaptive Sum,,BASIC,16,0,,,0x00,0x00,,,,,
95,DOBLM20,Bank 2 Adaptive Sum,,BASIC,16,0,,,0x00,0x00,,,,,
6,ACT_P0116,Active: COOLTMP CIRCUIT RANGE/ PERF PROBLEM,,BASIC,1,0,,,0x00,0x00,,,,,
6,ACT_P0117,Active: COOLTMP CIRCUIT LOW INPUT,,BASIC,1,1,,,0x00,0x00,,,,,
6,ACT_P0118,Active: COOLTMP CIRCUIT HIGH INPUT,,BASIC,1,2,,,0x00,0x00,,,,,
8,ACT_P0131,Active: BANK 1 O2 CIRCUIT LEAN,,BASIC,1,4,,,0x00,0x00,,,,,
9,ACT_P0132,Active: BANK 1 O2 CIRCUIT RICH,,BASIC,1,0,,,0x00,0x00,,,,,
7,ACT_P0133,Active: BANK 1 O2 SLOW RESPONSE,,BASIC,1,4,,,0x00,0x00,,,,,
8,ACT_P0134,Active: BANK 1 O2 CIRCUIT NOT ACTIVE,,BASIC,1,6,,,0x00,0x00,,,,,
6,ACT_P0135,Active: BANK 1 O2 HEATER CIRCUIT,,BASIC,1,5,,,0x00,0x00,,,,,
8,ACT_P0151,Active: BANK 2 FRONT O2 CIRCUIT LEAN,,BASIC,1,5,,,0x00,0x00,,,,,
9,ACT_P0152,Active: BANK 2 FRONT O2 CIRCUIT RICH,,BASIC,1,1,,,0x00,0x00,,,,,
7,ACT_P0153,Active: BANK 2 FRONT O2 SLOW RESPONSE,,BASIC,1,6,,,0x00,0x00,,,,,
8,ACT_P0154,Active: BANK 2 FRONT O2 CIRCUIT NOT ACTIVE,,BASIC,1,7,,,0x00,0x00,,,,,
6,ACT_P0155,Active: BANK 2 FRONT O2 HEATER CIRCUIT,,BASIC,1,7,,,0x00,0x00,,,,,
9,ACT_P0158,Active: BANK 2 REAR O2 CIRCUIT HIGH VOLT,,BASIC,1,7,,,0x00,0x00,,,,,
9,ACT_P0160,Active: BANK 2 REAR O2 CIRCUIT NOT ACTIVE,,BASIC,1,5,,,0x00,0x00,,,,,
7,ACT_P0161,Active: BANK 2 REAR O2 HEATER CIRCUIT,,BASIC,1,0,,,0x00,0x00,,,,,
7,ACT_P0171,Active: BANK 1 FUEL TRIM LEAN,,BASIC,1,1,,,0x00,0x00,,,,,
7,ACT_P0172,Active: BANK 1 FUEL TRIM RICH,,BASIC,1,2,,,0x00,0x00,,,,,
11,ACT_P0174,Active: BANK 2 FRONT FUEL TRIM LEAN,,BASIC,1,0,,,0x00,0x00,,,,,
11,ACT_P0175,Active: BANK 2 FRONT FUEL TRIM RICH,,BASIC,1,1,,,0x00,0x00,,,,,
10,ACT_P0420,Active: BANK 2 CATALYST SYSTEM FAULT,,BASIC,1,7,,,0x00,0x00,,,,,
6,ACT_P1114,Active: COOLTMP CIRCUIT INT LOW,,BASIC,1,3,,,0x00,0x00,,,,,
6,ACT_P1115,Active: COOLTMP CIRCUIT INT HIGH,,BASIC,1,4,,,0x00,0x00,,,,,
8,ACT_P1133,Active: BANK 1 O2 SWITCHING FAULT,,BASIC,1,0,,,0x00,0x00,,,,,
8,ACT_P1153,Active: BANK 2 FRONT O2 SWITCHING FAULT,,BASIC,1,2,,,0x00,0x00,,,,,
10,ACT_P1158,Active: BANK 2 REAR O2 SHIFTED RICH,,BASIC,1,3,,,0x00,0x00,,,,,
0,ALC_P0116,Last Cycle: COOLTMP CIRCUIT RANGE/ PERF PROBLEM,,VERROR,1,0,,,0x00,0x00,,,,,
0,ALC_P0117,Last Cycle: COOLTMP CIRCUIT LOW INPUT,,VERROR,1,1,,,0x00,0x00,,,,,
0,ALC_P0118,Last Cycle: COOLTMP CIRCUIT HIGH INPUT,,VERROR,1,2,,,0x00,0x00,,,,,
2,ALC_P0131,Last Cycle: BANK 1 O2 CIRCUIT LEAN,,VERROR,1,4,,,0x00,0x00,,,,,
3,ALC_P0132,Last Cycle: BANK 1 O2 CIRCUIT RICH,,VERROR,1,0,,,0x00,0x00,,,,,
1,ALC_P0133,Last Cycle: BANK 1 O2 SLOW RESPONSE,,VERROR,1,4,,,0x00,0x00,,,,,
2,ALC_P0134,Last Cycle: BANK 1 O2 CIRCUIT NOT ACTIVE,,VERROR,1,6,,,0x00,0x00,,,,,
0,ALC_P0135,Last Cycle: BANK 1 O2 HEATER CIRCUIT,,VERROR,1,5,,,0x00,0x00,,,,,
2,ALC_P0151,Last Cycle: BANK 2 FRONT O2 CIRCUIT LEAN,,VERROR,1,5,,,0x00,0x00,,,,,
3,ALC_P0152,Last Cycle: BANK 2 FRONT O2 CIRCUIT RICH,,VERROR,1,1,,,0x00,0x00,,,,,
1,ALC_P0153,Last Cycle: BANK 2 FRONT O2 SLOW RESPONSE,,VERROR,1,6,,,0x00,0x00,,,,,
2,ALC_P0154,Last Cycle: BANK 2 FRONT O2 CIRCUIT NOT ACTIVE,,VERROR,1,7,,,0x00,0x00,,,,,
0,ALC_P0155,Last Cycle: BANK 2 FRONT O2 HEATER CIRCUIT,,VERROR,1,7,,,0x00,0x00,,,,,
3,ALC_P0158,Last Cycle: BANK 2 REAR O2 CIRCUIT HIGH VOLT,,VERROR,1,7,,,0x00,0x00,,,,,
3,ALC_P0160,Last Cycle: BANK 2 REAR O2 CIRCUIT NOT ACTIVE,,VERROR,1,5,,,0x00,0x00,,,,,
1,ALC_P0161,Last Cycle: BANK 2 REAR O2 HEATER CIRCUIT,,VERROR,1,0,,,0x00,0x00,,,,,
1,ALC_P0171,Last Cycle: BANK 1 FUEL TRIM LEAN,,VERROR,1,1,,,0x00,0x00,,,,,
1,ALC_P0172,Last Cycle: BANK 1 FUEL TRIM RICH,,VERROR,1,2,,,0x00,0x00,,,,,
5,ALC_P0174,Last Cycle: BANK 2 FRONT FUEL TRIM LEAN,,VERROR,1,0,,,0x00,0x00,,,,,
5,ALC_P0175,Last Cycle: BANK 2 FRONT FUEL TRIM RICH,,VERROR,1,1,,,0x00,0x00,,,,,
4,ALC_P0420,Last Cycle: BANK 2 CATALYST SYSTEM FAULT,,VERROR,1,7,,,0x00,0x00,,,,,
0,ALC_P1114,Last Cycle: COOLTMP CIRCUIT INT LOW,,VERROR,1,3,,,0x00,0x00,,,,,
0,ALC_P1115,Last Cycle: COOLTMP CIRCUIT INT HIGH,,VERROR,1,4,,,0x00,0x00,,,,,
2,ALC_P1133,Last Cycle: BANK 1 O2 SWITCHING FAULT,,VERROR,1,0,,,0x00,0x00,,,,,
2,ALC_P1153,Last Cycle: BANK 2 FRONT O2 SWITCHING FAULT,,VERROR,1,2,,,0x00,0x00,,,,,
4,ALC_P1158,Last Cycle: BANK 2 REAR O2 SHIFTED RICH,,VERROR,1,3,,,0x00,0x00,,,,,
42,FLTACTV_P0116,Fault Active: COOLTMP CIRCUIT RANGE/ PERF PROBLEM,,VERROR,1,0,,,0x00,0x00,,,,,
42,FLTACTV_P0117,Fault Active: COOLTMP CIRCUIT LOW INPUT,,VERROR,1,1,,,0x00,0x00,,,,,
42,FLTACTV_P0118,Fault Active: COOLTMP CIRCUIT HIGH INPUT,,VERROR,1,2,,,0x00,0x00,,,,,
44,FLTACTV_P0131,Fault Active: BANK 1 O2 CIRCUIT LEAN,,VERROR,1,4,,,0x00,0x00,,,,,
45,FLTACTV_P0132,Fault Active: BANK 1 O2 CIRCUIT RICH,,VERROR,1,0,,,0x00,0x00,,,,,
43,FLTACTV_P0133,Fault Active: BANK 1 O2 SLOW RESPONSE,,VERROR,1,4,,,0x00,0x00,,,,,
44,FLTACTV_P0134,Fault Active: BANK 1 O2 CIRCUIT NOT ACTIVE,,VERROR,1,6,,,0x00,0x00,,,,,
42,FLTACTV_P0135,Fault Active: BANK 1 O2 HEATER CIRCUIT,,VERROR,1,5,,,0x00,0x00,,,,,
44,FLTACTV_P0151,Fault Active: BANK 2 FRONT O2 CIRCUIT LEAN,,VERROR,1,5,,,0x00,0x00,,,,,
45,FLTACTV_P0152,Fault Active: BANK 2 FRONT O2 CIRCUIT RICH,,VERROR,1,1,,,0x00,0x00,,,,,
43,FLTACTV_P0153,Fault Active: BANK 2 FRONT O2 SLOW RESPONSE,,VERROR,1,6,,,0x00,0x00,,,,,
44,FLTACTV_P0154,Fault Active: BANK 2 FRONT O2 CIRCUIT NOT ACTIVE,,VERROR,1,7,,,0x00,0x00,,,,,
42,FLTACTV_P0155,Fault Active: BANK 2 FRONT O2 HEATER CIRCUIT,,VERROR,1,7,,,0x00,0x00,,,,,
45,FLTACTV_P0158,Fault Active: BANK 2 REAR O2 CIRCUIT HIGH VOLT,,VERROR,1,7,,,0x00,0x00,,,,,
45,FLTACTV_P0160,Fault Active: BANK 2 REAR O2 CIRCUIT NOT ACTIVE,,VERROR,1,5,,,0x00,0x00,,,,,
43,FLTACTV_P0161,Fault Active: BANK 2 REAR O2 HEATER CIRCUIT,,VERROR,1,0,,,0x00,0x00,,,,,
43,FLTACTV_P0171,Fault Active: BANK 1 FUEL TRIM LEAN,,VERROR,1,1,,,0x00,0x00,,,,,
43,FLTACTV_P0172,Fault Active: BANK 1 FUEL TRIM RICH,,VERROR,1,2,,,0x00,0x00,,,,,
47,FLTACTV_P0174,Fault Active: BANK 2 FRONT FUEL TRIM LEAN,,VERROR,1,0,,,0x00,0x00,,,,,
47,FLTACTV_P0175,Fault Active: BANK 2 FRONT FUEL TRIM RICH,,VERROR,1,1,,,0x00,0x00,,,,,
46,FLTACTV_P0420,Fault Active: BANK 2 CATALYST SYSTEM FAULT,,VERROR,1,7,,,0x00,0x00,,,,,
42,FLTACTV_P1114,Fault Active: COOLTMP CIRCUIT INT LOW,,VERROR,1,3,,,0x00,0x00,,,,,
42,FLTACTV_P1115,Fault Active: COOLTMP CIRCUIT INT HIGH,,VERROR,1,4,,,0x00,0x00,,,,,
44,FLTACTV_P1133,Fault Active: BANK 1 O2 SWITCHING FAULT,,VERROR,1,0,,,0x00,0x00,,,,,
44,FLTACTV_P1153,Fault Active: BANK 2 FRONT O2 SWITCHING FAULT,,VERROR,1,2,,,0x00,0x00,,,,,
46,FLTACTV_P1158,Fault Active: BANK 2 REAR O2 SHIFTED RICH,,VERROR,1,3,,,0x00,0x00,,,,,
18,HIST_P0116,History: COOLTMP CIRCUIT RANGE/ PERF PROBLEM,,BASIC,1,0,,,0x00,0x00,,,,,
18,HIST_P0117,History: COOLTMP CIRCUIT LOW INPUT,,BASIC,1,1,,,0x00,0x00,,,,,
18,HIST_P0118,History: COOLTMP CIRCUIT HIGH INPUT,,BASIC,1,2,,,0x00,0x00,,,,,
20,HIST_P0131,History: BANK 1 O2 CIRCUIT LEAN,,BASIC,1,4,,,0x00,0x00,,,,,
21,HIST_P0132,History: BANK 1 O2 CIRCUIT RICH,,BASIC,1,0,,,0x00,0x00,,,,,
19,HIST_P0133,History: BANK 1 O2 SLOW RESPONSE,,BASIC,1,4,,,0x00,0x00,,,,,
20,HIST_P0134,History: BANK 1 O2 CIRCUIT NOT ACTIVE,,BASIC,1,6,,,0x00,0x00,,,,,
18,HIST_P0135,History: BANK 1 O2 HEATER CIRCUIT,,BASIC,1,5,,,0x00,0x00,,,,,
20,HIST_P0151,History: BANK 2 FRONT O2 CIRCUIT LEAN,,BASIC,1,5,,,0x00,0x00,,,,,
21,HIST_P0152,History: BANK 2 FRONT O2 CIRCUIT RICH,,BASIC,1,1,,,0x00,0x00,,,,,
19,HIST_P0153,History: BANK 2 FRONT O2 SLOW RESPONSE,,BASIC,1,6,,,0x00,0x00,,,,,
20,HIST_P0154,History: BANK 2 FRONT O2 CIRCUIT NOT ACTIVE,,BASIC,1,7,,,0x00,0x00,,,,,
18,HIST_P0155,History: BANK 2 FRONT O2 HEATER CIRCUIT,,BASIC,1,7,,,0x00,0x00,,,,,
21,HIST_P0158,History: BANK 2 REAR O2 CIRCUIT HIGH VOLT,,BASIC,1,7,,,0x00,0x00,,,,,
21,HIST_P0160,History: BANK 2 REAR O2 CIRCUIT NOT ACTIVE,,BASIC,1,5,,,0x00,0x00,,,,,
19,HIST_P0161,History: BANK 2 REAR O2 HEATER CIRCUIT,,BASIC,1,0,,,0x00,0x00,,,,,
19,HIST_P0171,History: BANK 1 FUEL TRIM LEAN,,BASIC,1,1,,,0x00,0x00,,,,,
19,HIST_P0172,History: BANK 1 FUEL TRIM RICH,,BASIC,1,2,,,0x00,0x00,,,,,
23,HIST_P0174,History: BANK 2 FRONT FUEL TRIM LEAN,,BASIC,1,0,,,0x00,0x00,,,,,
23,HIST_P0175,History: BANK 2 FRONT FUEL TRIM RICH,,BASIC,1,1,,,0x00,0x00,,,,,
22,HIST_P0420,History: BANK 2 CATALYST SYSTEM FAULT,,BASIC,1,7,,,0x00,0x00,,,,,
18,HIST_P1114,History: COOLTMP CIRCUIT INT LOW,,BASIC,1,3,,,0x00,0x00,,,,,
18,HIST_P1115,History: COOLTMP CIRCUIT INT HIGH,,BASIC,1,4,,,0x00,0x00,,,,,
20,HIST_P1133,History: BANK 1 O2 SWITCHING FAULT,,BASIC,1,0,,,0x00,0x00,,,,,
20,HIST_P1153,History: BANK 2 FRONT O2 SWITCHING FAULT,,BASIC,1,2,,,0x00,0x00,,,,,
22,HIST_P1158,History: BANK 2 REAR O2 SHIFTED RICH,,BASIC,1,3,,,0x00,0x00,,,,,
58,LATCH_P0116,Latch: COOLTMP CIRCUIT RANGE/ PERF PROBLEM,,BASIC,1,0,,,0x00,0x00,,,,,
58,LATCH_P0117,Latch: COOLTMP CIRCUIT LOW INPUT,,BASIC,1,1,,,0x00,0x00,,,,,
58,LATCH_P0118,Latch: COOLTMP CIRCUIT HIGH INPUT,,BASIC,1,2,,,0x00,0x00,,,,,
60,LATCH_P0131,Latch: BANK 1 O2 CIRCUIT LEAN,,BASIC,1,4,,,0x00,0x00,,,,,
61,LATCH_P0132,Latch: BANK 1 O2 CIRCUIT RICH,,BASIC,1,0,,,0x00,0x00,,,,,
59,LATCH_P0133,Latch: BANK 1 O2 SLOW RESPONSE,,BASIC,1,4,,,0x00,0x00,,,,,
60,LATCH_P0134,Latch: BANK 1 O2 CIRCUIT NOT ACTIVE,,BASIC,1,6,,,0x00,0x00,,,,,
58,LATCH_P0135,Latch: BANK 1 O2 HEATER CIRCUIT,,BASIC,1,5,,,0x00,0x00,,,,,
60,LATCH_P0151,Latch: BANK 2 FRONT O2 CIRCUIT LEAN,,BASIC,1,5,,,0x00,0x00,,,,,
61,LATCH_P0152,Latch: BANK 2 FRONT O2 CIRCUIT RICH,,BASIC,1,1,,,0x00,0x00,,,,,
59,LATCH_P0153,Latch: BANK 2 FRONT O2 SLOW RESPONSE,,BASIC,1,6,,,0x00,0x00,,,,,
60,LATCH_P0154,Latch: BANK 2 FRONT O2 CIRCUIT NOT ACTIVE,,BASIC,1,7,,,0x00,0x00,,,,,
58,LATCH_P0155,Latch: BANK 2 FRONT O2 HEATER CIRCUIT,,BASIC,1,7,,,0x00,0x00,,,,,
61,LATCH_P0158,Latch: BANK 2 REAR O2 CIRCUIT HIGH VOLT,,BASIC,1,7,,,0x00,0x00,,,,,
61,LATCH_P0160,Latch: BANK 2 REAR O2 CIRCUIT NOT ACTIVE,,BASIC,1,5,,,0x00,0x00,,,,,
59,LATCH_P0161,Latch: BANK 2 REAR O2 HEATER CIRCUIT,,BASIC,1,0,,,0x00,0x00,,,,,
59,LATCH_P0171,Latch: BANK 1 FUEL TRIM LEAN,,BASIC,1,1,,,0x00,0x00,,,,,
59,LATCH_P0172,Latch: BANK 1 FUEL TRIM RICH,,BASIC,1,2,,,0x00,0x00,,,,,
63,LATCH_P0174,Latch: BANK 2 FRONT FUEL TRIM LEAN,,BASIC,1,0,,,0x00,0x00,,,,,
63,LATCH_P0175,Latch: BANK 2 FRONT FUEL TRIM RICH,,BASIC,1,1,,,0x00,0x00,,,,,
62,LATCH_P0420,Latch: BANK 2 CATALYST SYSTEM FAULT,,BASIC,1,7,,,0x00,0x00,,,,,
58,LATCH_P1114,Latch: COOLTMP CIRCUIT INT LOW,,BASIC,1,3,,,0x00,0x00,,,,,
58,LATCH_P1115,Latch: COOLTMP CIRCUIT INT HIGH,,BASIC,1,4,,,0x00,0x00,,,,,
60,LATCH_P1133,Latch: BANK 1 O2 SWITCHING FAULT,,BASIC,1,0,,,0x00,0x00,,,,,
60,LATCH_P1153,Latch: BANK 2 FRONT O2 SWITCHING FAULT,,BASIC,1,2,,,0x00,0x00,,,,,
62,LATCH_P1158,Latch: BANK 2 REAR O2 SHIFTED RICH,,BASIC,1,3,,,0x00,0x00,,,,,
12,MILREQ_P0116,MIL Requested: COOLTMP CIRCUIT RANGE/ PERF PROBLEM,,BASIC,1,0,,,0x00,0x00,,,,,
12,MILREQ_P0117,MIL Requested: COOLTMP CIRCUIT LOW INPUT,,BASIC,1,1,,,0x00,0x00,,,,,
12,MILREQ_P0118,MIL Requested: COOLTMP CIRCUIT HIGH INPUT,,BASIC,1,2,,,0x00,0x00,,,,,
14,MILREQ_P0131,MIL Requested: BANK 1 O2 CIRCUIT LEAN,,BASIC,1,4,,,0x00,0x00,,,,,
15,MILREQ_P0132,MIL Requested: BANK 1 O2 CIRCUIT RICH,,BASIC,1,0,,,0x00,0x00,,,,,
13,MILREQ_P0133,MIL Requested: BANK 1 O2 SLOW RESPONSE,,BASIC,1,4,,,0x00,0x00,,,,,
14,MILREQ_P0134,MIL Requested: BANK 1 O2 CIRCUIT NOT ACTIVE,,BASIC,1,6,,,0x00,0x00,,,,,
12,MILREQ_P0135,MIL Requested: BANK 1 O2 HEATER CIRCUIT,,BASIC,1,5,,,0x00,0x00,,,,,
14,MILREQ_P0151,MIL Requested: BANK 2 FRONT O2 CIRCUIT LEAN,,BASIC,1,5,,,0x00,0x00,,,,,
15,MILREQ_P0152,MIL Requested: BANK 2 FRONT O2 CIRCUIT RICH,,BASIC,1,1,,,0x00,0x00,,,,,
13,MILREQ_P0153,MIL Requested: BANK 2 FRONT O2 SLOW RESPONSE,,BASIC,1,6,,,0x00,0x00,,,,,
14,MILREQ_P0154,MIL Requested: BANK 2 FRONT O2 CIRCUIT NOT ACTIVE,,BASIC,1,7,,,0x00,0x00,,,,,
12,MILREQ_P0155,MIL Requested: BANK 2 FRONT O2 HEATER CIRCUIT,,BASIC,1,7,,,0x00,0x00,,,,,
15,MILREQ_P0158,MIL Requested: BANK 2 REAR O2 CIRCUIT HIGH VOLT,,BASIC,1,7,,,0x00,0x00,,,,,
15,MILREQ_P0160,MIL Requested: BANK 2 REAR O2 CIRCUIT NOT ACTIVE,,BASIC,1,5,,,0x00,0x00,,,,,
13,MILREQ_P0161,MIL Requested: BANK 2 REAR O2 HEATER CIRCUIT,,BASIC,1,0,,,0x00,0x00,,,,,
13,MILREQ_P0171,MIL Requested: BANK 1 FUEL TRIM LEAN,,BASIC,1,1,,,0x00,0x00,,,,,
13,MILREQ_P0172,MIL Requested: BANK 1 FUEL TRIM RICH,,BASIC,1,2,,,0x00,0x00,,,,,
17,MILREQ_P0174,MIL Requested: BANK 2 FRONT FUEL TRIM LEAN,,BASIC,1,0,,,0x00,0x00,,,,,
17,MILREQ_P0175,MIL Requested: BANK 2 FRONT FUEL TRIM RICH,,BASIC,1,1,,,0x00,0x00,,,,,
16,MILREQ_P0420,MIL Requested: BANK 2 CATALYST SYSTEM FAULT,,BASIC,1,7,,,0x00,0x00,,,,,
12,MILREQ_P1114,MIL Requested: COOLTMP CIRCUIT INT LOW,,BASIC,1,3,,,0x00,0x00,,,,,
12,MILREQ_P1115,MIL Requested: COOLTMP CIRCUIT INT HIGH,,BASIC,1,4,,,0x00,0x00,,,,,
14,MILREQ_P1133,MIL Requested: BANK 1 O2 SWITCHING FAULT,,BASIC,1,0,,,0x00,0x00,,,,,
14,MILREQ_P1153,MIL Requested: BANK 2 FRONT O2 SWITCHING FAULT,,BASIC,1,2,,,0x00,0x00,,,,,
16,MILREQ_P1158,MIL Requested: BANK 2 REAR O2 SHIFTED RICH,,BASIC,1,3,,,0x00,0x00,,,,,
24,TESTCMPL_P0116,Test Completed: COOLTMP CIRCUIT RANGE/ PERF PROBLEM,,BASIC,1,0,,,0x00,0x00,,,,,
24,TESTCMPL_P0117,Test Completed: COOLTMP CIRCUIT LOW INPUT,,BASIC,1,1,,,0x00,0x00,,,,,
24,TESTCMPL_P0118,Test Completed: COOLTMP CIRCUIT HIGH INPUT,,BASIC,1,2,,,0x00,0x00,,,,,
26,TESTCMPL_P0131,Test Completed: BANK 1 O2 CIRCUIT LEAN,,BASIC,1,4,,,0x00,0x00,,,,,
27,TESTCMPL_P0132,Test Completed: BANK 1 O2 CIRCUIT RICH,,BASIC,1,0,,,0x00,0x00,,,,,
25,TESTCMPL_P0133,Test Completed: BANK 1 O2 SLOW RESPONSE,,BASIC,1,4,,,0x00,0x00,,,,,
26,TESTCMPL_P0134,Test Completed: BANK 1 O2 CIRCUIT NOT ACTIVE,,BASIC,1,6,,,0x00,0x00,,,,,
24,TESTCMPL_P0135,Test Completed: BANK 1 O2 HEATER CIRCUIT,,BASIC,1,5,,,0x00,0x00,,,,,
26,TESTCMPL_P0151,Test Completed: BANK 2 FRONT O2 CIRCUIT LEAN,,BASIC,1,5,,,0x00,0x00,,,,,
27,TESTCMPL_P0152,Test Completed: BANK 2 FRONT O2 CIRCUIT RICH,,BASIC,1,1,,,0x00,0x00,,,,,
25,TESTCMPL_P0153,Test Completed: BANK 2 FRONT O2 SLOW RESPONSE,,BASIC,1,6,,,0x00,0x00,,,,,
26,TESTCMPL_P0154,Test Completed: BANK 2 FRONT O2 CIRCUIT NOT ACTIVE,,BASIC,1,7,,,0x00,0x00,,,,,
24,TESTCMPL_P0155,Test Completed: BANK 2 FRONT O2 HEATER CIRCUIT,,BASIC,1,7,,,0x00,0x00,,,,,
27,TESTCMPL_P0158,Test Completed: BANK 2 REAR O2 CIRCUIT HIGH VOLT,,BASIC,1,7,,,0x00,0x00,,,,,
27,TESTCMPL_P0160,Test Completed: BANK 2 REAR O2 CIRCUIT NOT ACTIVE,,BASIC,1,5,,,0x00,0x00,,,,,
25,TESTCMPL_P0161,Test Completed: BANK 2 REAR O2 HEATER CIRCUIT,,BASIC,1,0,,,0x00,0x00,,,,,
25,TESTCMPL_P0171,Test Completed: BANK 1 FUEL TRIM LEAN,,BASIC,1,1,,,0x00,0x00,,,,,
25,TESTCMPL_P0172,Test Completed: BANK 1 FUEL TRIM RICH,,BASIC,1,2,,,0x00,0x00,,,,,
29,TESTCMPL_P0174,Test Completed: BANK 2 FRONT FUEL TRIM LEAN,,BASIC,1,0,,,0x00,0x00,,,,,
29,TESTCMPL_P0175,Test Completed: BANK 2 FRONT FUEL TRIM RICH,,BASIC,1,1,,,0x00,0x00,,,,,
28,TESTCMPL_P0420,Test Completed: BANK 2 CATALYST SYSTEM FAULT,,BASIC,1,7,,,0x00,0x00,,,,,
24,TESTCMPL_P1114,Test Completed: COOLTMP CIRCUIT INT LOW,,BASIC,1,3,,,0x00,0x00,,,,,
24,TESTCMPL_P1115,Test Completed: COOLTMP CIRCUIT INT HIGH,,BASIC,1,4,,,0x00,0x00,,,,,
26,TESTCMPL_P1133,Test Completed: BANK 1 O2 SWITCHING FAULT,,BASIC,1,0,,,0x00,0x00,,,,,
26,TESTCMPL_P1153,Test Completed: BANK 2 FRONT O2 SWITCHING FAULT,,BASIC,1,2,,,0x00,0x00,,,,,
28,TESTCMPL_P1158,Test Completed: BANK 2 REAR O2 SHIFTED RICH,,BASIC,1,3,,,0x00,0x00,,,,,
48,TESTPASS_P0116,Test Passed: COOLTMP CIRCUIT RANGE/ PERF PROBLEM,,BASIC,1,0,,,0x00,0x00,,,,,
48,TESTPASS_P0117,Test Passed: COOLTMP CIRCUIT LOW INPUT,,BASIC,1,1,,,0x00,0x00,,,,,
48,TESTPASS_P0118,Test Passed: COOLTMP CIRCUIT HIGH INPUT,,BASIC,1,2,,,0x00,0x00,,,,,
50,TESTPASS_P0131,Test Passed: BANK 1 O2 CIRCUIT LEAN,,BASIC,1,4,,,0x00,0x00,,,,,
51,TESTPASS_P0132,Test Passed: BANK 1 O2 CIRCUIT RICH,,BASIC,1,0,,,0x00,0x00,,,,,
49,TESTPASS_P0133,Test Passed: BANK 1 O2 SLOW RESPONSE,,BASIC,1,4,,,0x00,0x00,,,,,
50,TESTPASS_P0134,Test Passed: BANK 1 O2 CIRCUIT NOT ACTIVE,,BASIC,1,6,,,0x00,0x00,,,,,
48,TESTPASS_P0135,Test Passed: BANK 1 O2 HEATER CIRCUIT,,BASIC,1,5,,,0x00,0x00,,,,,
50,TESTPASS_P0151,Test Passed: BANK 2 FRONT O2 CIRCUIT LEAN,,BASIC,1,5,,,0x00,0x00,,,,,
51,TESTPASS_P0152,Test Passed: BANK 2 FRONT O2 CIRCUIT RICH,,BASIC,1,1,,,0x00,0x00,,,,,
49,TESTPASS_P0153,Test Passed: BANK 2 FRONT O2 SLOW RESPONSE,,BASIC,1,6,,,0x00,0x00,,,,,
50,TESTPASS_P0154,Test Passed: BANK 2 FRONT O2 CIRCUIT NOT ACTIVE,,BASIC,1,7,,,0x00,0x00,,,,,
48,TESTPASS_P0155,Test Passed: BANK 2 FRONT O2 HEATER CIRCUIT,,BASIC,1,7,,,0x00,0x00,,,,,
51,TESTPASS_P0158,Test Passed: BANK 2 REAR O2 CIRCUIT HIGH VOLT,,BASIC,1,7,,,0x00,0x00,,,,,
51,TESTPASS_P0160,Test Passed: BANK 2 REAR O2 CIRCUIT NOT ACTIVE,,BASIC,1,5,,,0x00,0x00,,,,,
49,TESTPASS_P0161,Test Passed: BANK 2 REAR O2 HEATER CIRCUIT,,BASIC,1,0,,,0x00,0x00,,,,,
49,TESTPASS_P0171,Test Passed: BANK 1 FUEL TRIM LEAN,,BASIC,1,1,,,0x00,0x00,,,,,
49,TESTPASS_P0172,Test Passed: BANK 1 FUEL TRIM RICH,,BASIC,1,2,,,0x00,0x00,,,,,
53,TESTPASS_P0174,Test Passed: BANK 2 FRONT FUEL TRIM LEAN,,BASIC,1,0,,,0x00,0x00,,,,,
53,TESTPASS_P0175,Test Passed: BANK 2 FRONT FUEL TRIM RICH,,BASIC,1,1,,,0x00,0x00,,,,,
52,TESTPASS_P0420,Test Passed: BANK 2 CATALYST SYSTEM FAULT,,BASIC,1,7,,,0x00,0x00,,,,,
48,TESTPASS_P1114,Test Passed: COOLTMP CIRCUIT INT LOW,,BASIC,1,3,,,0x00,0x00,,,,,
48,TESTPASS_P1115,Test Passed: COOLTMP CIRCUIT INT HIGH,,BASIC,1,4,,,0x00,0x00,,,,,
50,TESTPASS_P1133,Test Passed: BANK 1 O2 SWITCHING FAULT,,BASIC,1,0,,,0x00,0x00,,,,,
50,TESTPASS_P1153,Test Passed: BANK 2 FRONT O2 SWITCHING FAULT,,BASIC,1,2,,,0x00,0x00,,,,,
52,TESTPASS_P1158,Test Passed: BANK 2 REAR O2 SHIFTED RICH,,BASIC,1,3,,,0x00,0x00,,,,,
NEW,0xF4,0x06,Press Adpt.,,,,,,,,,,,,
34,ADPTNNORMAL,Shift Adapt Not in Normal Mode,,BASIC,1,0,,,0x00,0xFF,,,,,
34,ADPTSTD,Shift Adapt Last was Standard Adapt,,BASIC,1,1,,,0x00,0xFF,,,,,
34,ADPTLDELAY,Shift Adapt Long Delay Time,,BASIC,1,2,,,0x00,0xFF,,,,,
34,ADPTLSHIFT,Shift Adapt Long Shift Time,,BASIC,1,3,,,0x00,0xFF,,,,,
34,ADPTTPS,Shift Adapt TPS Out Of Range,,BASIC,1,4,,,0x00,0xFF,,,,,
34,ADPTTPSDELT,Shift Adapt High TPS Delta,,BASIC,1,5,,,0x00,0xFF,,,,,
34,ADPTHOT,Shift Adapt In Hot Mode,,BASIC,1,6,,,0x00,0xFF,,,,,
34,ADPTHVSS,Shift Adapt High VSS Delta,,BASIC,1,7,,,0x00,0xFF,,,,,
35,LSTADEL,Last Change to Adaptive Modifier,psi,BASIC,8,2,1.25,-16,0x00,0xFF,,,,,
36,CURADPT,Current Adaptive Modifier,psi,HIDDEN,8,0,0.125,-16,0x00,0xFF,,,,,
37,CURCELL,Current Adaptive Modifier Index Within Table,,HIDDEN,8,0,,,0x00,0xFF,,,,,
0,EADPT2,Adaptive Pressure Mod 2+0,psi,HIDDEN,8,2,1.25,-16,0x00,0xFF,,,,,
1,EADPT2+1,Adaptive Pressure Mod 2+1,psi,HIDDEN,8,2,1.25,-16,0x00,0xFF,,,,,
2,EADPT2+2,Adaptive Pressure Mod 2+2,psi,HIDDEN,8,2,1.25,-16,0x00,0xFF,,,,,
3,EADPT2+3,Adaptive Pressure Mod 2+3,psi,HIDDEN,8,2,1.25,-16,0x00,0xFF,,,,,
4,EADPT2+4,Adaptive Pressure Mod 2+4,psi,BASIC,8,2,1.25,-16,0x00,0xFF,,,,,
5,EADPT2+5,Adaptive Pressure Mod 2+5,psi,BASIC,8,2,1.25,-16,0x00,0xFF,,,,,
6,EADPT2+6,Adaptive Pressure Mod 2+6,psi,BASIC,8,2,1.25,-16,0x00,0xFF,,,,,
7,EADPT2+7,Adaptive Pressure Mod 2+7,psi,BASIC,8,2,1.25,-16,0x00,0xFF,,,,,
8,EADPT2+8,Adaptive Pressure Mod 2+8,psi,BASIC,8,2,1.25,-16,0x00,0xFF,,,,,
9,EADPT2+9,Adaptive Pressure Mod 2+9,psi,BASIC,8,2,1.25,-16,0x00,0xFF,,,,,
10,EADPT2+10,Adaptive Pressure Mod 2+10,psi,BASIC,8,2,1.25,-16,0x00,0xFF,,,,,
11,EADPT2+11,Adaptive Pressure Mod 2+11,psi,BASIC,8,2,1.25,-16,0x00,0xFF,,,,,
12,EADPT2+12,Adaptive Pressure Mod 2+12,psi,BASIC,8,2,1.25,-16,0x00,0xFF,,,,,
13,EADPT2+13,Adaptive Pressure Mod 2+13,psi,BASIC,8,2,1.25,-16,0x00,0xFF,,,,,
14,EADPT2+14,Adaptive Pressure Mod 2+14,psi,BASIC,8,2,1.25,-16,0x00,0xFF,,,,,
15,EADPT2+15,Adaptive Pressure Mod 2+15,psi,BASIC,8,2,1.25,-16,0x00,0xFF,,,,,
16,EADPT2+16,Adaptive Pressure Mod 2+16,psi,BASIC,8,2,1.25,-16,0x00,0xFF,,,,,
17,EADPT3,Adaptive Pressure Mod 3+0,psi,HIDDEN,8,2,1.25,-16,0x00,0xFF,,,,,
18,EADPT3+1,Adaptive Pressure Mod 3+1,psi,HIDDEN,8,2,1.25,-16,0x00,0xFF,,,,,
19,EADPT3+2,Adaptive Pressure Mod 3+2,psi,HIDDEN,8,2,1.25,-16,0x00,0xFF,,,,,
20,EADPT3+3,Adaptive Pressure Mod 3+3,psi,HIDDEN,8,2,1.25,-16,0x00,0xFF,,,,,
21,EADPT3+4,Adaptive Pressure Mod 3+4,psi,HIDDEN,8,2,1.25,-16,0x00,0xFF,,,,,
22,EADPT3+5,Adaptive Pressure Mod 3+5,psi,HIDDEN,8,2,1.25,-16,0x00,0xFF,,,,,
23,EADPT3+6,Adaptive Pressure Mod 3+6,psi,HIDDEN,8,2,1.25,-16,0x00,0xFF,,,,,
24,EADPT3+7,Adaptive Pressure Mod 3+7,psi,HIDDEN,8,2,1.25,-16,0x00,0xFF,,,,,
25,EADPT3+8,Adaptive Pressure Mod 3+8,psi,HIDDEN,8,2,1.25,-16,0x00,0xFF,,,,,
26,EADPT3+9,Adaptive Pressure Mod 3+9,psi,HIDDEN,8,2,1.25,-16,0x00,0xFF,,,,,
27,EADPT3+10,Adaptive Pressure Mod 3+10,psi,HIDDEN,8,2,1.25,-16,0x00,0xFF,,,,,
28,EADPT3+11,Adaptive Pressure Mod 3+11,psi,HIDDEN,8,2,1.25,-16,0x00,0xFF,,,,,
29,EADPT3+12,Adaptive Pressure Mod 3+12,psi,HIDDEN,8,2,1.25,-16,0x00,0xFF,,,,,
30,EADPT3+13,Adaptive Pressure Mod 3+13,psi,HIDDEN,8,2,1.25,-16,0x00,0xFF,,,,,
31,EADPT3+14,Adaptive Pressure Mod 3+14,psi,HIDDEN,8,2,1.25,-16,0x00,0xFF,,,,,
32,EADPT3+15,Adaptive Pressure Mod 3+15,psi,HIDDEN,8,2,1.25,-16,0x00,0xFF,,,,,
33,EADPT3+16,Adaptive Pressure Mod 3+16,psi,HIDDEN,8,2,1.25,-16,0x00,0xFF,,,,,
NEW,0xE4,0x00,E-Side,,,,,,,,,,,,
0,PESPKADD,Power Enrichment Spark Adder,deg,BASIC,8,0,,,0x03,0xFF,,,,,
1,MAFFREQ,MAF Raw Frequency,hz,BASIC,8,0,,,0x03,0xFF,,,,,
2,VESELCTD,VE Selected Value,%,BASIC,8,0,,,0x03,0xFF,,,,,
3,RPM25,Engine RPM (Low Res),rpm,BASIC,8,0,25,,0x03,0xFF,,,,,
4,DFCODELAY,DFCO Delay Counter,,BASIC,8,0,,,0x03,0xFF,,,,,
5,ESTATW_1,E-Side Status Word 0x0035,,HACKER,8,0,,,0x03,0xFF,RESEARCH,,,,
5,BKNOCKACT,Burst Knock Active,,BASIC,1,0,,,0x03,0xFF,,,,,
5,PE,Power Enrichment Active,,BASIC,1,2,,,0x03,0xFF,,,,,
5,OVERHEAT,Overheating,,BASIC,1,3,,,0x03,0xFF,,,,,
6,BASESPKADV,Base (Main/Ext/Closed) Spark Adv,deg,BASIC,8,0,,,0x03,0xFF,,,,,
7,EGRSPKADV,EGR Spark Mod,deg,BASIC,8,0,,,0x03,0xFF,,,,,
8,COOLSPKADV,Coolant Temp Spark Mod,,BASIC,8,0,,,0x03,0xFF,,,,,
9,ESTATW_2,E-Side Status Word 0x0034,,HACKER,8,0,,,0x03,0xFF,RESEARCH,,,,
9,VEMODE,VE Fueling Calculation Active,,BASIC,1,0,,,0x03,0xFF,,,,,
9,HIRESFAIL,High Resolution Signal Failure,,BASIC,1,1,,,0x03,0xFF,,,,,
9,IGNOFF,Ignition Off,,BASIC,1,4,,,0x03,0xFF,,,,,
10,ESTATW_3,E-Side Status Word 0x0001,,HACKER,8,0,,,0x03,0xFF,RESEARCH,,,,
10,ENGRUNNING,Engine is Running,,BASIC,1,3,,,0x03,0xFF,,,,,
10,VATSPASS,VATS Test Passed,,BASIC,1,7,,,0x03,0xFF,,,,,
11,SPI_OK,SPI Checkum OK,,EXTENDED,1,2,,,0x03,0xFF,,,,,
11,ESTATW_4,E-Side Status Word 4,,HACKER,8,0,,,0x03,0xFF,RESEARCH,,,,
12,PEAFRTGT,Power Enrichment AFR Target,:1,BASIC,8,2,0.1,,0x03,0xFF,,,,,
